GEO_ID,NAME,bachelor_degree,graduate_degree,median_rent,avg_commute_time,avg_occupants_per_room,insurance_coverage_rate,cbsa_code,metro_name,rpp,real_income,rank
310M700US41940,"San Jose-Sunnyvale-Santa Clara, CA Metro Area",110133,170367,2840,27.55172964502318,0.6415762870834255,0.9603531738437,41940,"San Jose-Sunnyvale-Santa Clara, CA",110.423,99737.37355442253,1
310M700US30500,"Lexington Park, MD Metro Area",98008,110847,1750,32.87247918698818,0.4302003956857489,0.9650137633102476,30500,"Lexington Park, MD",100.76,97268.75744342993,2
310M700US41860,"San Francisco-Oakland-Fremont, CA Metro Area",101912,140336,2474,31.53456863973924,0.5913939510240037,0.9602377567445028,41860,"San Francisco-Oakland-Fremont, CA",115.613,88149.25657149284,3
310M700US14860,"Bridgeport-Stamford-Danbury, CT Metro Area",89030,112981,1875,29.928681624576583,0.518772614961113,0.923185122171031,14860,"Bridgeport-Stamford-Danbury, CT",106.864,83311.4987273544,4
310M700US47900,"Washington-Arlington-Alexandria, DC-VA-MD-WV Metro Area",90597,120292,2027,33.07874212893433,0.5219008616690634,0.926208527386554,47900,"Washington-Arlington-Alexandria, DC-VA-MD-WV",108.884,83205.06226810183,5
310M700US42660,"Seattle-Tacoma-Bellevue, WA Metro Area",90580,120878,2000,29.877052494110732,0.5272574399376193,0.9440211051363332,42660,"Seattle-Tacoma-Bellevue, WA",111.133,81505.94332916416,6
310M700US14010,"Bloomington, IL Metro Area",75739,84891,1009,19.034503238213752,0.4160746043400228,0.9538294628196106,14010,"Bloomington, IL",93.537,80972.23558591786,7
310M700US28420,"Kennewick-Richland, WA Metro Area",80591,96744,1284,23.203065102716163,0.5272659655944385,0.904227911353386,28420,"Kennewick-Richland, WA",100.079,80527.38336713996,8
310M700US39580,"Raleigh-Cary, NC Metro Area",78987,94996,1573,27.8495995219646,0.4538451286812648,0.9193436780192802,39580,"Raleigh-Cary, NC",98.157,80470.06326599224,9
310M700US25540,"Hartford-West Hartford-East Hartford, CT Metro Area",81998,98320,1416,24.57241353715212,0.4509708469580436,0.9570500600713826,25540,"Hartford-West Hartford-East Hartford, CT",102.746,79806.51314893037,10
310M700US12420,"Austin-Round Rock-San Marcos, TX Metro Area",78079,95193,1726,28.177506547125805,0.4962679434526981,0.8797119098933124,12420,"Austin-Round Rock-San Marcos, TX",98.066,79618.8281361532,11
310M700US14460,"Boston-Cambridge-Newton, MA-NH Metro Area",85818,106593,2023,31.017794006088018,0.4867682276309442,0.973238643594952,14460,"Boston-Cambridge-Newton, MA-NH",108.266,79265.88217907745,12
310M700US26620,"Huntsville, AL Metro Area",73739,101113,1183,24.11944868062295,0.4127416914743058,0.9225901522256974,26620,"Huntsville, AL",93.072,79227.9095753825,13
310M700US33260,"Midland, TX Metro Area",75637,96119,1400,22.236065847747973,0.5130436534586971,0.8541030710721027,33260,"Midland, TX",95.783,78967.04008018124,14
310M700US18020,"Columbus, IN Metro Area",73097,100962,1127,22.06436953034865,0.4580934935521689,0.9453397212543554,18020,"Columbus, IN",93.003,78596.38936378396,15
310M700US40340,"Rochester, MN Metro Area",71048,92849,1276,21.077404742872368,0.4321269408308853,0.9586321381142098,40340,"Rochester, MN",90.821,78228.6035168078,16
310M700US33220,"Midland, MI Metro Area",71650,91133,1016,23.384038178707566,0.4043618824142876,0.957696019300362,33220,"Midland, MI",91.921,77947.36784847859,17
310M700US19780,"Des Moines-West Des Moines, IA Metro Area",70899,88211,1150,21.8796552143073,0.4489098741991716,0.9525042723442914,19780,"Des Moines-West Des Moines, IA",91.701,77315.40550266628,18
310M700US12580,"Baltimore-Columbia-Towson, MD Metro Area",80513,102145,1611,29.94501482488267,0.4366843276636498,0.9507465508139652,12580,"Baltimore-Columbia-Towson, MD",104.487,77055.51886837598,19
310M700US37140,"Paducah, KY-IL Metro Area",66305,68069,874,20.717606118910187,0.4371755692518404,0.9401794616151544,37140,"Paducah, KY-IL",86.084,77023.6048510757,20
310M700US34900,"Napa, CA Metro Area",86624,108060,2237,25.48874915507489,0.5607757579086116,0.9427154352158472,34900,"Napa, CA",112.554,76962.16926986158,21
310M700US19740,"Denver-Aurora-Centennial, CO Metro Area",80908,97355,1874,27.96780594614937,0.48442845170943,0.920302993565954,19740,"Denver-Aurora-Centennial, CO",105.782,76485.60246544781,22
310M700US19460,"Decatur, AL Metro Area",66594,75081,847,27.12840521470959,0.4175896564741411,0.8968133535660091,19460,"Decatur, AL",87.212,76358.75796908682,23
310M700US18140,"Columbus, OH Metro Area",72668,89289,1274,24.54289625098011,0.4453628190168446,0.923898049524171,18140,"Columbus, OH",95.469,76116.85468581425,24
310M700US10580,"Albany-Schenectady-Troy, NY Metro Area",75715,87769,1280,24.239302520074315,0.4044151919015366,0.9689435254853896,10580,"Albany-Schenectady-Troy, NY",99.566,76045.03545386979,25
310M700US28140,"Kansas City, MO-KS Metro Area",70100,82263,1249,24.13606261513673,0.4350775610681033,0.914895829058426,28140,"Kansas City, MO-KS",92.543,75748.57093459256,26
310M700US14740,"Bremerton-Silverdale-Port Orchard, WA Metro Area",79977,102286,1822,27.240458869113134,0.4744123272458045,0.9494974035045096,14740,"Bremerton-Silverdale-Port Orchard, WA",105.607,75730.77542208377,27
310M700US37980,"Philadelphia-Camden-Wilmington, PA-NJ-DE-MD Metro Area",77450,95960,1480,29.35258820564617,0.4572224712541192,0.947831535654523,37980,"Philadelphia-Camden-Wilmington, PA-NJ-DE-MD",102.554,75521.18883710045,28
310M700US33780,"Monroe, MI Metro Area",70302,83333,1059,27.276482308805903,0.3967029582718834,0.9659025398203148,33780,"Monroe, MI",93.492,75195.73867282762,29
310M700US45940,"Trenton-Princeton, NJ Metro Area",77459,110346,1623,26.81276620120768,0.5073030525254377,0.9211504582538118,45940,"Trenton-Princeton, NJ",103.18,75071.71932545067,30
310M700US42100,"Santa Cruz-Watsonville, CA Metro Area",82243,101290,2264,26.491670196939992,0.6484490842113398,0.95082855551303,42100,"Santa Cruz-Watsonville, CA",109.896,74837.11873043605,31
310M700US17140,"Cincinnati, OH-KY-IN Metro Area",71295,87029,1105,25.60788460141743,0.4360019631662669,0.9447057733494408,17140,"Cincinnati, OH-KY-IN",95.37,74756.212645486,32
310M700US26420,"Houston-Pasadena-The Woodlands, TX Metro Area",73636,92718,1430,30.819595485653664,0.5561903240848004,0.8151851369734703,26420,"Houston-Pasadena-The Woodlands, TX",98.629,74659.58288130266,33
310M700US16740,"Charlotte-Concord-Gastonia, NC-SC Metro Area",72587,90008,1473,27.5018872032768,0.4610272165577841,0.901384406665182,16740,"Charlotte-Concord-Gastonia, NC-SC",97.348,74564.44919258742,34
310M700US42220,"Santa Rosa-Petaluma, CA Metro Area",80301,95166,2158,25.34704858760462,0.5556556022408963,0.9490088867023296,42220,"Santa Rosa-Petaluma, CA",107.784,74501.78134045869,35
310M700US33460,"Minneapolis-St. Paul-Bloomington, MN-WI Metro Area",77777,93764,1440,24.9481626952276,0.4712029065935972,0.956097232619254,33460,"Minneapolis-St. Paul-Bloomington, MN-WI",104.822,74199.1185056572,36
310M700US16300,"Cedar Rapids, IA Metro Area",65963,85789,928,21.003800557305148,0.4122955112657738,0.9605066572922616,16300,"Cedar Rapids, IA",88.963,74146.5553095107,37
310M700US19340,"Davenport-Moline-Rock Island, IA-IL Metro Area",65983,83119,941,21.27230479854916,0.4220240953337116,0.9465635880289264,19340,"Davenport-Moline-Rock Island, IA-IL",89.079,74072.45254212554,38
310M700US34580,"Mount Vernon-Anacortes, WA Metro Area",75870,94429,1536,26.295226056212844,0.547775295244175,0.9357906427877274,34580,"Mount Vernon-Anacortes, WA",102.443,74060.69716818133,39
310M700US40900,"Sacramento-Roseville-Folsom, CA Metro Area",78963,102925,1819,26.8594787279456,0.5579446050288286,0.9549434669086544,40900,"Sacramento-Roseville-Folsom, CA",106.67,74025.4992031499,40
310M700US25180,"Hagerstown-Martinsburg, MD-WV Metro Area",69699,77711,1159,29.321272310851366,0.43317111271329,0.9390909523453485,25180,"Hagerstown-Martinsburg, MD-WV",94.171,74013.23124953541,41
310M700US16980,"Chicago-Naperville-Elgin, IL-IN Metro Area",76648,95510,1430,31.072040866731324,0.4815508793674639,0.9248692923199716,16980,"Chicago-Naperville-Elgin, IL-IN",103.595,73988.12684009846,42
310M700US31540,"Madison, WI Metro Area",71941,82066,1354,22.62057792243401,0.4548882356876453,0.9627854656406684,31540,"Madison, WI",97.287,73947.18718842189,43
310M700US39540,"Racine-Mount Pleasant, WI Metro Area",70922,80873,1080,24.68795144228529,0.4353362824257,0.9426687933052312,39540,"Racine-Mount Pleasant, WI",95.961,73907.10809599733,44
310M700US36540,"Omaha, NE-IA Metro Area",67928,83349,1192,21.760796505759444,0.4418964981311741,0.9311505305724564,36540,"Omaha, NE-IA",91.911,73906.27890024045,45
310M700US22220,"Fayetteville-Springdale-Rogers, AR Metro Area",67360,88744,1157,22.585189110607573,0.5195529898984934,0.8911663129428082,22220,"Fayetteville-Springdale-Rogers, AR",91.353,73735.9473689972,46
310M700US38240,"Pinehurst-Southern Pines, NC Metro Area",65130,93157,1254,27.672491332093863,0.409526558891455,0.9238237938267906,38240,"Pinehurst-Southern Pines, NC",88.336,73729.84966491578,47
310M700US12940,"Baton Rouge, LA Metro Area",66766,73553,1135,27.86942409386361,0.4742578729617911,0.9225689898571048,12940,"Baton Rouge, LA",90.78,73547.036792245,48
310M700US13900,"Bismarck, ND Metro Area",66910,77719,1021,18.667145668676397,0.4133629286495529,0.952250879865525,13900,"Bismarck, ND",91.024,73508.08577957461,49
310M700US49340,"Worcester, MA Metro Area",75301,95279,1426,29.426985262633,0.4597503698546689,0.9747811736440348,49340,"Worcester, MA",102.523,73447.90924963179,50
310M700US40980,"Saginaw, MI Metro Area",66721,79637,947,22.47219500075913,0.4258604121260155,0.9552728410648194,40980,"Saginaw, MI",90.891,73407.70813391864,51
310M700US13140,"Beaumont-Port Arthur, TX Metro Area",66099,84251,1106,24.14609933120535,0.4973227021227357,0.8139667792202345,13140,"Beaumont-Port Arthur, TX",90.046,73405.81480576594,52
310M700US49020,"Winchester, VA-WV Metro Area",70599,81476,1358,29.824418431131967,0.4419631881783706,0.9245120511217616,49020,"Winchester, VA-WV",96.45,73197.51166407466,53
310M700US49620,"York-Hanover, PA Metro Area",70264,84879,1193,26.98592825820293,0.4411409716241066,0.9518777448744172,49620,"York-Hanover, PA",96.0,73191.66666666667,54
310M700US47460,"Walla Walla, WA Metro Area",72011,82486,1218,16.137398441044255,0.4459261965655827,0.9305043361118128,47460,"Walla Walla, WA",98.519,73093.51495650585,55
310M700US44700,"Stockton-Lodi, CA Metro Area",76792,96140,1734,30.95279441547809,0.633576217549882,0.9373228761616028,44700,"Stockton-Lodi, CA",105.089,73073.29977447687,56
310M700US35620,"New York-Newark-Jersey City, NY-NJ Metro Area",82236,104385,1830,35.1704255288193,0.5930941280708147,0.935200187943777,35620,"New York-Newark-Jersey City, NY-NJ",112.563,73057.75432424509,57
310M700US19100,"Dallas-Fort Worth-Arlington, TX Metro Area",75177,94942,1614,28.905965117479106,0.5213246952474637,0.8382891813550589,19100,"Dallas-Fort Worth-Arlington, TX",103.09,72923.65893879134,58
310M700US33340,"Milwaukee-Waukesha, WI Metro Area",70682,86720,1139,23.673819978046104,0.426384843742189,0.9456531709961222,33340,"Milwaukee-Waukesha, WI",96.937,72915.39866098601,59
310M700US46700,"Vallejo, CA Metro Area",78970,101345,2163,30.28455680830678,0.5618135075280263,0.951910583812885,46700,"Vallejo, CA",108.479,72797.49997695406,60
310M700US12060,"Atlanta-Sandy Springs-Roswell, GA Metro Area",72746,91335,1672,31.574674685642744,0.4641858711105099,0.8804206286559433,12060,"Atlanta-Sandy Springs-Roswell, GA",100.058,72703.83177756901,61
310M700US19500,"Decatur, IL Metro Area",64284,78040,847,20.106408507628576,0.3933140655105973,0.9591755252782352,19500,"Decatur, IL",88.422,72701.36391395806,62
310M700US11100,"Amarillo, TX Metro Area",66664,83891,1086,21.018586799852518,0.4639491780380359,0.8555449352540907,11100,"Amarillo, TX",91.82,72602.9187540841,63
310M700US28880,"Kiryas Joel-Poughkeepsie-Newburgh, NY Metro Area",79408,99116,1638,30.661084245624178,0.4932362558122187,0.9565943552834008,28880,"Kiryas Joel-Poughkeepsie-Newburgh, NY",109.422,72570.41545575844,64
310M700US47930,"Waterbury-Shelton, CT Metro Area",72363,91079,1330,28.028648119042277,0.4806365642655367,0.95181491308773,47930,"Waterbury-Shelton, CT",99.778,72524.00328729779,65
310M700US37100,"Oxnard-Thousand Oaks-Ventura, CA Metro Area",80077,103435,2317,26.20625246180318,0.6156795642411977,0.9273928466428576,37100,"Oxnard-Thousand Oaks-Ventura, CA",110.534,72445.58235475057,66
310M700US41740,"San Diego-Chula Vista-Carlsbad, CA Metro Area",80982,107001,2246,26.49553462321409,0.5931535498177172,0.9360035049855778,41740,"San Diego-Chula Vista-Carlsbad, CA",111.887,72378.38176016875,67
310M700US11540,"Appleton, WI Metro Area",66848,80324,1060,21.243615103191136,0.4018114526189223,0.9627020917623548,11540,"Appleton, WI",92.419,72331.44699682966,68
310M700US41180,"St. Louis, MO-IL Metro Area",68687,85884,1113,25.77381853564934,0.4174986243620388,0.941924119416875,41180,"St. Louis, MO-IL",95.088,72235.19266363789,69
310M700US19820,"Detroit-Warren-Dearborn, MI Metro Area",72440,92686,1207,27.031446439593672,0.4170593269578053,0.9523846423226214,19820,"Detroit-Warren-Dearborn, MI",100.298,72224.77018484914,70
310M700US44100,"Springfield, IL Metro Area",66828,82326,979,20.86002057986805,0.4025193951088883,0.965022263885634,44100,"Springfield, IL",92.745,72055.63642244865,71
310M700US24540,"Greeley, CO Metro Area",71989,81346,1539,28.532158216052107,0.4936124442057925,0.9195909370102696,24540,"Greeley, CO",100.176,71862.52196134803,72
310M700US17410,"Cleveland, OH Metro Area",67481,86456,1050,24.87994935774893,0.3949652294184471,0.9431037972463876,17410,"Cleveland, OH",93.923,71847.15138996838,73
310M700US20220,"Dubuque, IA Metro Area",62729,71599,959,17.282061111737512,0.4285965955889081,0.9647602778260824,20220,"Dubuque, IA",87.328,71831.48589226823,74
310M700US42200,"Santa Maria-Santa Barbara, CA Metro Area",78052,98334,2131,21.7577326669758,0.6593844718230804,0.9132288587990012,42200,"Santa Maria-Santa Barbara, CA",108.798,71740.2893435541,75
310M700US38300,"Pittsburgh, PA Metro Area",67896,85085,1053,26.6823954791633,0.3817584101297375,0.96219154780745,38300,"Pittsburgh, PA",94.671,71717.84390151154,76
310M700US19430,"Dayton-Kettering-Beavercreek, OH Metro Area",66469,88867,1039,22.66464543223471,0.4020252518970021,0.9409022466420032,19430,"Dayton-Kettering-Beavercreek, OH",92.694,71707.98541437417,77
310M700US40060,"Richmond, VA Metro Area",70102,86429,1447,25.98034526187235,0.436927596233573,0.9350659820032488,40060,"Richmond, VA",97.858,71636.45281939136,78
310M700US25260,"Hanford-Corcoran, CA Metro Area",72701,90236,1331,24.095222011246623,0.583613120602517,0.926703382467714,25260,"Hanford-Corcoran, CA",101.612,71547.65185214345,79
310M700US41060,"St. Cloud, MN Metro Area",62657,79199,1042,22.127744447618745,0.5026810133586277,0.9537874181361456,41060,"St. Cloud, MN",87.632,71500.13693627898,80
310M700US14500,"Boulder, CO Metro Area",75096,97099,1966,23.4208273004144,0.4486021340293237,0.9559253683849808,14500,"Boulder, CO",105.202,71382.67333320659,81
310M700US43580,"Sioux City, IA-NE-SD Metro Area",61568,85007,1002,18.15793126091304,0.4911156555328334,0.9284376746785914,43580,"Sioux City, IA-NE-SD",86.454,71214.75004048397,82
310M700US37900,"Peoria, IL Metro Area",64912,83326,955,21.465697596795728,0.3937565892229597,0.9460328776431468,37900,"Peoria, IL",91.231,71151.25341166928,83
310M700US39300,"Providence-Warwick, RI-MA Metro Area",72411,92128,1307,27.16755134363306,0.4505143239635931,0.9598519614031056,39300,"Providence-Warwick, RI-MA",101.773,71149.51902763995,84
310M700US35980,"Norwich-New London-Willimantic, CT Metro Area",71445,92096,1365,24.72235608661209,0.4378848294456676,0.9528978405346332,35980,"Norwich-New London-Willimantic, CT",100.445,71128.47827169098,85
310M700US43640,"Slidell-Mandeville-Covington, LA Metro Area",65954,78866,1332,31.56208678158292,0.45704539313699,0.9318779208322024,43640,"Slidell-Mandeville-Covington, LA",92.726,71127.83900955504,86
310M700US10420,"Akron, OH Metro Area",66405,85002,1033,24.333907094893693,0.3939541385251187,0.9454155684718176,10420,"Akron, OH",93.37,71120.27417800149,87
310M700US43300,"Sherman-Denison, TX Metro Area",66574,77293,1310,25.664535466231936,0.4774807933307906,0.8431398779139765,43300,"Sherman-Denison, TX",93.771,70996.36348124687,88
310M700US38900,"Portland-Vancouver-Hillsboro, OR-WA Metro Area",74773,96528,1724,25.92992206148337,0.4978927024996321,0.944613097057215,38900,"Portland-Vancouver-Hillsboro, OR-WA",105.421,70927.99347378606,89
310M700US26900,"Indianapolis-Carmel-Greenwood, IN Metro Area",67854,88316,1191,26.23618103530381,0.4364126430615164,0.9324356122746328,26900,"Indianapolis-Carmel-Greenwood, IN",95.696,70905.78498578833,90
310M700US31700,"Manchester-Nashua, NH Metro Area",74885,91700,1623,27.61926413308297,0.4495036343812466,0.9448865317912232,31700,"Manchester-Nashua, NH",105.657,70875.56905836811,91
310M700US12260,"Augusta-Richmond County, GA-SC Metro Area",65119,77390,1120,24.97498593491232,0.4259990690646123,0.8983580456754918,12260,"Augusta-Richmond County, GA-SC",91.903,70856.22884998313,92
310M700US21300,"Elmira, NY Metro Area",66701,69658,1059,20.625699619654288,0.3912470799640611,0.9590800515251184,21300,"Elmira, NY",94.398,70659.33600288142,93
310M700US11260,"Anchorage, AK Metro Area",74453,97262,1458,22.69455418810221,0.4949456307864378,0.8955500072669892,11260,"Anchorage, AK",105.42,70625.11857332574,94
310M700US19300,"Daphne-Fairhope-Foley, AL Metro Area",66858,76200,1277,27.80847715021321,0.3903494587126874,0.9171939522428944,19300,"Daphne-Fairhope-Foley, AL",94.69,70607.24469320943,95
310M700US13820,"Birmingham, AL Metro Area",64688,79189,1172,27.89553151633965,0.414857159690973,0.9126474143812486,13820,"Birmingham, AL",91.644,70586.18131028763,96
310M700US28020,"Kalamazoo-Portage, MI Metro Area",66813,80585,1093,21.72204086301563,0.3963895905694137,0.9526657447952678,28020,"Kalamazoo-Portage, MI",94.84,70448.12315478701,97
310M700US35300,"New Haven, CT Metro Area",73566,93321,1525,24.18565057939746,0.4657872887219532,0.950857354876896,35300,"New Haven, CT",104.559,70358.36226436749,98
310M700US21060,"Elizabethtown, KY Metro Area",63705,67293,964,24.09258442902595,0.4697488431733289,0.9441027866717984,21060,"Elizabethtown, KY",90.572,70336.30702645409,99
310M700US29020,"Kokomo, IN Metro Area",63007,70659,937,21.36734784936641,0.4142844185602444,0.9431456348293522,29020,"Kokomo, IN",89.648,70282.66107442442,100
310M700US44140,"Springfield, MA Metro Area",67373,82890,1136,23.52388368570392,0.4595713937237233,0.9695300042970788,44140,"Springfield, MA",96.061,70135.64297685845,101
310M700US34980,"Nashville-Davidson--Murfreesboro--Franklin, TN Metro Area",67447,82628,1528,28.763636938425044,0.4671864362716211,0.9051049358433018,34980,"Nashville-Davidson--Murfreesboro--Franklin, TN",96.338,70010.79532479396,102
310M700US40420,"Rockford, IL Metro Area",64497,84341,1023,23.8375012845168,0.4324209172440963,0.9392465418209224,40420,"Rockford, IL",92.154,69988.28048701088,103
310M700US35660,"Niles, MI Metro Area",64648,76615,942,21.33989138484325,0.4199177593742811,0.9361083711448674,35660,"Niles, MI",92.37,69988.09137165746,104
310M700US43620,"Sioux Falls, SD-MN Metro Area",63342,71751,1022,19.43276148121631,0.4247543275953517,0.9294849754725908,43620,"Sioux Falls, SD-MN",90.631,69889.99349008617,105
310M700US24340,"Grand Rapids-Wyoming-Kentwood, MI Metro Area",66586,81404,1202,22.81871185509351,0.443656333870102,0.9530598077050224,24340,"Grand Rapids-Wyoming-Kentwood, MI",95.546,69689.99225503945,106
310M700US47300,"Visalia, CA Metro Area",69550,96518,1280,24.33746681472045,0.6585006891451238,0.9192517402369756,47300,"Visalia, CA",99.825,69671.92587027297,107
310M700US47940,"Waterloo-Cedar Falls, IA Metro Area",60639,76530,977,17.957773325179875,0.4370574219118618,0.9545080613684812,47940,"Waterloo-Cedar Falls, IA",87.057,69654.36438195665,108
310M700US40380,"Rochester, NY Metro Area",67451,78581,1143,21.95736503933225,0.4142171913082283,0.9638545473296024,40380,"Rochester, NY",97.035,69512.03174112433,109
310M700US12540,"Bakersfield-Delano, CA Metro Area",70034,95862,1300,24.20515105227427,0.6412244503418337,0.9215832359561136,12540,"Bakersfield-Delano, CA",100.886,69418.94811965982,110
310M700US29180,"Lafayette, LA Metro Area",60518,70171,977,24.604741085489973,0.4454053898972898,0.9212672070017264,29180,"Lafayette, LA",87.209,69394.21389994152,111
310M700US12980,"Battle Creek, MI Metro Area",62736,84489,968,21.27260330269745,0.399255450431921,0.941826159316136,12980,"Battle Creek, MI",90.541,69290.15584100022,112
310M700US39740,"Reading, PA Metro Area",67165,84475,1181,25.834122577094316,0.4529154407061532,0.9274734599299724,39740,"Reading, PA",97.06,69199.46424891819,113
310M700US23900,"Gettysburg, PA Metro Area",65957,76213,1115,28.02929456112009,0.417784281905645,0.940249357571143,23900,"Gettysburg, PA",95.379,69152.53881881756,114
310M700US22500,"Florence, SC Metro Area",59976,67561,934,22.98035298459033,0.462057902973396,0.9080256276283284,22500,"Florence, SC",86.774,69117.47758545187,115
310M700US38060,"Phoenix-Mesa-Chandler, AZ Metro Area",71369,88486,1702,27.41264500594444,0.5323847617119988,0.8938266219910018,38060,"Phoenix-Mesa-Chandler, AZ",103.316,69078.36153161175,116
310M700US43340,"Shreveport-Bossier City, LA Metro Area",58537,66252,1014,22.50065933774659,0.4425474645517905,0.9204249748559205,43340,"Shreveport-Bossier City, LA",84.766,69057.16914800745,117
310M700US49420,"Yakima, WA Metro Area",65970,93469,1109,20.99594812796448,0.5816224898398279,0.8725105695393328,49420,"Yakima, WA",95.545,69045.99926736094,118
310M700US16860,"Chattanooga, TN-GA Metro Area",63092,77186,1163,24.721940215522917,0.4390538284007602,0.8979112179880993,16860,"Chattanooga, TN-GA",91.464,68980.14519373742,119
310M700US10780,"Alexandria, LA Metro Area",59083,65886,946,21.89713028799427,0.4551159999999999,0.920657195456598,10780,"Alexandria, LA",85.686,68952.92113063978,120
310M700US33740,"Monroe, LA Metro Area",57639,64477,931,23.685360094451003,0.4354824617346938,0.926250314436644,33740,"Monroe, LA",83.597,68948.64648252928,121
310M700US48620,"Wichita, KS Metro Area",61284,71371,987,20.783498674585303,0.4371193992717074,0.8983271979550128,48620,"Wichita, KS",88.946,68900.23160119622,122
310M700US41700,"San Antonio-New Braunfels, TX Metro Area",65231,81605,1363,27.42650630809753,0.5177051961016548,0.84992597338107,41700,"San Antonio-New Braunfels, TX",94.716,68870.09586553487,123
310M700US45820,"Topeka, KS Metro Area",61140,72029,971,21.431427690093056,0.4377047309448056,0.916131631732462,45820,"Topeka, KS",88.82,68835.84778203108,124
310M700US36780,"Oshkosh-Neenah, WI Metro Area",63968,79363,965,19.837908190408637,0.4017261617623411,0.9548204079929916,36780,"Oshkosh-Neenah, WI",92.929,68835.34741576902,125
310M700US31020,"Longview-Kelso, WA Metro Area",67127,85871,1206,26.051507245026325,0.4811647828250515,0.9383564097512046,31020,"Longview-Kelso, WA",97.545,68816.44369265468,126
310M700US20500,"Durham-Chapel Hill, NC Metro Area",67118,82643,1466,25.01228118550816,0.4458129704751866,0.9052597470190624,20500,"Durham-Chapel Hill, NC",97.572,68788.17693600622,127
310M700US12700,"Barnstable Town, MA Metro Area",67633,85191,1678,23.961666034361283,0.4242336695964842,0.9734199980792904,12700,"Barnstable Town, MA",98.351,68766.96729062236,128
310M700US41620,"Salt Lake City-Murray, UT Metro Area",69345,95867,1583,23.9880941651661,0.4993449671559102,0.9098086743142272,41620,"Salt Lake City-Murray, UT",100.868,68748.2650592854,129
310M700US31140,"Louisville/Jefferson County, KY-IN Metro Area",63946,79057,1116,24.999011452974024,0.4408289013477461,0.9460980872585812,31140,"Louisville/Jefferson County, KY-IN",93.074,68704.47171068183,130
310M700US10500,"Albany, GA Metro Area",60220,69143,950,22.867462713880503,0.4345976396974378,0.8802127808497235,10500,"Albany, GA",87.669,68690.18695319897,131
310M700US15940,"Canton-Massillon, OH Metro Area",61372,77400,908,23.090462938475223,0.3945214983325393,0.9416729594375148,15940,"Canton-Massillon, OH",89.406,68644.16258416661,132
310M700US43100,"Sheboygan, WI Metro Area",64501,79957,934,18.878494240366216,0.3996397349125775,0.9598899958489,43100,"Sheboygan, WI",94.014,68607.86691343843,133
310M700US30980,"Longview, TX Metro Area",61392,65612,1060,23.55059139419482,0.4628265751715533,0.8494597440409308,30980,"Longview, TX",89.485,68605.91160529698,134
310M700US24580,"Green Bay, WI Metro Area",63857,75905,1010,21.426663759559908,0.4209364350453173,0.9520395821210192,24580,"Green Bay, WI",93.086,68600.0042971016,135
310M700US20260,"Duluth, MN-WI Metro Area",60883,77875,990,21.015508633069494,0.4022201033095081,0.958614328100203,20260,"Duluth, MN-WI",88.768,68586.6528478731,136
310M700US22540,"Fond du Lac, WI Metro Area",62707,71843,960,21.78646932230568,0.3997512634238787,0.959319519408142,22540,"Fond du Lac, WI",91.643,68425.30253265388,137
310M700US30620,"Lima, OH Metro Area",61322,77221,922,19.752214354156443,0.431613205426066,0.941084536581431,30620,"Lima, OH",89.669,68387.06799451316,138
310M700US43420,"Sierra Vista-Douglas, AZ Metro Area",61020,74258,995,23.0027949542419,0.457174487101361,0.9169859298186134,43420,"Sierra Vista-Douglas, AZ",89.243,68375.11065293638,139
310M700US41780,"Sandusky, OH Metro Area",61032,80203,932,22.60640956971969,0.3917252711140322,0.9527100054926558,41780,"Sandusky, OH",89.281,68359.44937892721,140
310M700US46540,"Utica-Rome, NY Metro Area",63349,76876,925,22.0250895899165,0.3989419340814608,0.96363771722715,46540,"Utica-Rome, NY",92.678,68353.87038995231,141
310M700US48060,"Watertown-Fort Drum, NY Metro Area",59933,77285,1213,19.83162279041033,0.4311846859366315,0.9451530735779798,48060,"Watertown-Fort Drum, NY",87.69,68346.44771353633,142
310M700US46220,"Tuscaloosa, AL Metro Area",59951,66330,1005,24.968145678820925,0.4244480984798076,0.9310729072972844,46220,"Tuscaloosa, AL",87.722,68342.03506532,143
310M700US22420,"Flint, MI Metro Area",63570,75585,989,27.21898886821444,0.4089579547078883,0.9515472587032522,22420,"Flint, MI",93.034,68329.85790141238,144
310M700US46140,"Tulsa, OK Metro Area",60902,77914,1078,22.98340986555025,0.4736703983819739,0.8739006446823208,46140,"Tulsa, OK",89.214,68265.07050462932,145
310M700US27780,"Johnstown, PA Metro Area",58658,72165,739,23.476094938105653,0.3586010734804958,0.9674238545206288,27780,"Johnstown, PA",85.929,68263.33368245878,146
310M700US22660,"Fort Collins-Loveland, CO Metro Area",69007,82523,1716,24.049618320610687,0.431053338138571,0.943670388167218,22660,"Fort Collins-Loveland, CO",101.128,68237.2834427656,147
310M700US45060,"Syracuse, NY Metro Area",65330,81081,1077,22.14074581980928,0.4056887793827434,0.9648275617972168,45060,"Syracuse, NY",95.742,68235.46614860771,148
310M700US12220,"Auburn-Opelika, AL Metro Area",59998,67358,1026,23.28326718699109,0.4412376218696234,0.9134591118782996,12220,"Auburn-Opelika, AL",87.933,68231.49443326169,149
310M700US38340,"Pittsfield, MA Metro Area",64881,83290,1097,21.74954114694535,0.3743514028403186,0.983261043170537,38340,"Pittsfield, MA",95.106,68219.67068323767,150
310M700US24220,"Grand Forks, ND-MN Metro Area",59105,76878,967,17.147380796361254,0.4381417305938522,0.9510622681557596,24220,"Grand Forks, ND-MN",86.663,68200.96234840706,151
310M700US11180,"Ames, IA Metro Area",60517,74445,1000,19.75578822069844,0.4206225631028115,0.9596015670848732,11180,"Ames, IA",88.83,68126.7589778228,152
310M700US24860,"Greenville-Anderson-Greer, SC Metro Area",63505,75919,1150,25.29930262507186,0.4575248245847766,0.8996754523481206,24860,"Greenville-Anderson-Greer, SC",93.26,68094.57430838516,153
310M700US11020,"Altoona, PA Metro Area",60854,65205,885,20.872111483506792,0.3512579583661206,0.9418977662006984,11020,"Altoona, PA",89.507,67987.978593853,154
310M700US12100,"Atlantic City-Hammonton, NJ Metro Area",67203,87350,1373,24.527222717134737,0.4869145382420488,0.9354060982926964,12100,"Atlantic City-Hammonton, NJ",98.857,67980.01153180857,155
310M700US16700,"Charleston-North Charleston, SC Metro Area",68569,79496,1605,28.563067452119046,0.43927174237249,0.9106467002710426,16700,"Charleston-North Charleston, SC",100.962,67915.6514332125,156
310M700US36260,"Ogden, UT Metro Area",68125,100486,1500,24.10194607810745,0.5040913093677227,0.930189927651774,36260,"Ogden, UT",100.349,67888.07063348913,157
310M700US30780,"Little Rock-North Little Rock-Conway, AR Metro Area",60665,75888,1055,24.40981727217528,0.4390669399028035,0.9176281673225604,30780,"Little Rock-North Little Rock-Conway, AR",89.364,67885.27818808469,158
310M700US33700,"Modesto, CA Metro Area",70653,103202,1623,28.06864268383725,0.6045629000955884,0.943577030085354,33700,"Modesto, CA",104.108,67865.10162523533,159
310M700US27100,"Jackson, MI Metro Area",62269,81575,985,23.314287553717147,0.3841609556139114,0.9509631419304856,27100,"Jackson, MI",91.779,67846.67516534284,160
310M700US10900,"Allentown-Bethlehem-Easton, PA-NJ Metro Area",67773,86945,1365,27.21453158408068,0.4559253625442246,0.9456920521682004,10900,"Allentown-Bethlehem-Easton, PA-NJ",99.968,67794.6943021767,161
310M700US48660,"Wichita Falls, TX Metro Area",60635,77955,995,17.082731765763068,0.4662635943785071,0.8437718633395522,48660,"Wichita Falls, TX",89.513,67738.76420184778,162
310M700US16540,"Chambersburg, PA Metro Area",64105,77169,1093,24.548665915069524,0.3930010702182056,0.9111170852856082,16540,"Chambersburg, PA",94.642,67734.19834745674,163
310M700US36420,"Oklahoma City, OK Metro Area",61160,76482,1124,24.274785279699447,0.4608098457688698,0.8796507508717336,36420,"Oklahoma City, OK",90.408,67648.88063003274,164
310M700US15380,"Buffalo-Cheektowaga, NY Metro Area",64779,79373,1057,22.29769720806444,0.3895339430918722,0.9708197532364392,15380,"Buffalo-Cheektowaga, NY",95.844,67587.9554275698,165
310M700US25420,"Harrisburg-Carlisle, PA Metro Area",66675,84170,1212,23.16439810317763,0.4132489317326279,0.9370944693829116,25420,"Harrisburg-Carlisle, PA",98.65,67587.43030917384,166
310M700US13220,"Beckley, WV Metro Area",59692,64345,856,25.97474694498348,0.4422237775289287,0.9445440420700372,13220,"Beckley, WV",88.369,67548.57472643121,167
310M700US29620,"Lansing-East Lansing, MI Metro Area",64143,80820,1086,22.316167770327777,0.412043200641609,0.955396725642036,29620,"Lansing-East Lansing, MI",94.991,67525.34450632165,168
310M700US16620,"Charleston, WV Metro Area",59888,77827,896,23.66505231031852,0.3810186631587601,0.9512347685609308,16620,"Charleston, WV",88.717,67504.53689822694,169
310M700US45780,"Toledo, OH Metro Area",61702,79232,939,21.53084567238077,0.411632893853781,0.9525637712724724,45780,"Toledo, OH",91.455,67467.06030288119,170
310M700US41500,"Salinas, CA Metro Area",73550,96990,2055,25.97075556236809,0.763941980597203,0.9043056653242026,41500,"Salinas, CA",109.042,67451.073898131,171
310M700US23420,"Fresno, CA Metro Area",68873,91921,1392,24.37051529391601,0.7026698177841192,0.932546887844397,23420,"Fresno, CA",102.158,67418.1170343977,172
310M700US29100,"La Crosse-Onalaska, WI-MN Metro Area",61823,74284,1027,20.8282808450483,0.3981477585022329,0.9381552045986548,29100,"La Crosse-Onalaska, WI-MN",91.769,67368.06546873128,173
310M700US42020,"San Luis Obispo-Paso Robles, CA Metro Area",73145,97708,1992,22.046639653486096,0.5347356504564396,0.9428740757872522,42020,"San Luis Obispo-Paso Robles, CA",108.596,67355.15120262257,174
310M700US47380,"Waco, TX Metro Area",62319,82923,1151,22.00368130317326,0.4675996591582691,0.8547419981420488,47380,"Waco, TX",92.55,67335.4943273906,175
310M700US18580,"Corpus Christi, TX Metro Area",62329,79287,1275,21.995788857241727,0.5293156853274333,0.8250187011220673,18580,"Corpus Christi, TX",92.671,67258.36561599637,176
310M700US46340,"Tyler, TX Metro Area",61947,75266,1238,23.937139942390782,0.4928357575523747,0.8309856206961509,46340,"Tyler, TX",92.156,67219.71439732627,177
310M700US28660,"Killeen-Temple, TX Metro Area",61250,72049,1217,24.50067912310422,0.4927569712053093,0.8653745918180967,28660,"Killeen-Temple, TX",91.132,67210.20058815782,178
310M700US31180,"Lubbock, TX Metro Area",61330,70940,1159,18.14756915208781,0.459279307710195,0.8561062062428519,31180,"Lubbock, TX",91.317,67161.64569576312,179
310M700US28100,"Kankakee, IL Metro Area",64737,77216,1097,25.296396676589502,0.4492792391744232,0.9434487873054508,28100,"Kankakee, IL",96.394,67158.7443201859,180
310M700US44220,"Springfield, OH Metro Area",60740,78972,872,23.834583040680343,0.4622009806783025,0.9336285838466496,44220,"Springfield, OH",90.482,67129.3737981035,181
310M700US20740,"Eau Claire, WI Metro Area",62256,74614,1033,20.010232009240195,0.4183183306055646,0.944829201182566,20740,"Eau Claire, WI",92.796,67089.09866804603,182
310M700US31080,"Los Angeles-Long Beach-Anaheim, CA Metro Area",76152,102928,2063,30.25839631534636,0.6600932644250802,0.9222711878181912,31080,"Los Angeles-Long Beach-Anaheim, CA",113.566,67055.28062976596,183
310M700US31900,"Mansfield, OH Metro Area",59538,71230,824,21.926030654863013,0.389746500777605,0.918509591073054,31900,"Mansfield, OH",88.872,66992.97866594653,184
310M700US48140,"Wausau, WI Metro Area",62021,74903,999,19.85516818189158,0.3947725213564587,0.9416891153986168,48140,"Wausau, WI",92.651,66940.453961641,185
310M700US49660,"Youngstown-Warren, OH Metro Area",58437,71752,795,23.14539700908489,0.3845968189897794,0.9407420654791712,49660,"Youngstown-Warren, OH",87.394,66866.14641737418,186
310M700US39900,"Reno, NV Metro Area",67509,88158,1592,24.076769082935,0.5411464235230897,0.9018194755576692,39900,"Reno, NV",101.014,66831.33031065001,187
310M700US26580,"Huntington-Ashland, WV-KY-OH Metro Area",59063,67956,884,24.62781320991661,0.413850631903672,0.9429175185962758,26580,"Huntington-Ashland, WV-KY-OH",88.422,66796.72479699622,188
310M700US45500,"Texarkana, TX-AR Metro Area",56061,70895,950,20.503813923506662,0.4489181540030597,0.879707442994407,45500,"Texarkana, TX-AR",84.012,66729.75289244394,189
310M700US22020,"Fargo, ND-MN Metro Area",60629,77135,967,18.377859417284103,0.4345452979327118,0.9487072576717,22020,"Fargo, ND-MN",90.871,66719.85561950458,190
310M700US28940,"Knoxville, TN Metro Area",61746,77556,1145,25.43257962330103,0.4379920426535205,0.914930580000065,28940,"Knoxville, TN",92.569,66702.67584180449,191
310M700US33500,"Minot, ND Metro Area",58035,76172,1039,19.74327644866879,0.4188462839266086,0.93461047970066,33500,"Minot, ND",87.028,66685.43457278117,192
310M700US32580,"McAllen-Edinburg-Mission, TX Metro Area",57186,71200,957,22.64595542518254,0.6324222472395639,0.7175180138322719,32580,"McAllen-Edinburg-Mission, TX",85.895,66576.63426276269,193
310M700US49700,"Yuba City, CA Metro Area",69355,91451,1386,29.5684670284216,0.5646015517832648,0.9360081316250964,49700,"Yuba City, CA",104.233,66538.4283288402,194
310M700US32820,"Memphis, TN-MS-AR Metro Area",61291,78505,1220,25.412910422820183,0.4476803162797904,0.8898717615163889,32820,"Memphis, TN-MS-AR",92.179,66491.283264084,195
310M700US16580,"Champaign-Urbana, IL Metro Area",61636,70553,1043,19.034983770415785,0.3940666777875748,0.9493519003599614,16580,"Champaign-Urbana, IL",92.704,66486.88298239559,196
310M700US16820,"Charlottesville, VA Metro Area",65912,89882,1598,24.825825307512627,0.405986058717402,0.9411384305088883,16820,"Charlottesville, VA",99.146,66479.7369535836,197
310M700US48300,"Wenatchee-East Wenatchee, WA Metro Area",68992,100400,1251,20.6942380444272,0.5347043429497165,0.8847021350558218,48300,"Wenatchee-East Wenatchee, WA",103.855,66431.08179673583,198
310M700US16940,"Cheyenne, WY Metro Area",64084,82563,1160,17.930009939928258,0.3979822633809449,0.9050807768545812,16940,"Cheyenne, WY",96.491,66414.48425241733,199
310M700US29540,"Lancaster, PA Metro Area",65238,82018,1357,24.47562498209074,0.4367107230754852,0.8880118804125506,29540,"Lancaster, PA",98.257,66395.26954822557,200
310M700US47260,"Virginia Beach-Chesapeake-Norfolk, VA-NC Metro Area",65018,85239,1478,25.7447808890837,0.4292500570129835,0.9335399204432449,47260,"Virginia Beach-Chesapeake-Norfolk, VA-NC",97.941,66384.86435711295,201
310M700US36500,"Olympia-Lacey-Tumwater, WA Metro Area",68788,92082,1736,26.53785854829684,0.438078725398313,0.9503982048087448,36500,"Olympia-Lacey-Tumwater, WA",103.67,66352.85039066269,202
310M700US13780,"Binghamton, NY Metro Area",61616,74599,939,20.812015990623298,0.42198374373894,0.96682654372245,13780,"Binghamton, NY",92.863,66351.50705878552,203
310M700US17780,"College Station-Bryan, TX Metro Area",60340,70903,1178,20.157083751894167,0.4761241636694125,0.8782257946870122,17780,"College Station-Bryan, TX",90.951,66343.41568536905,204
310M700US13020,"Bay City, MI Metro Area",60981,76614,860,23.290436781609195,0.3836285962541031,0.9557920869497224,13020,"Bay City, MI",91.921,66340.66209027317,205
310M700US47580,"Warner Robins, GA Metro Area",62173,78523,1167,23.35725941011925,0.4399459714860922,0.8955895402722353,47580,"Warner Robins, GA",93.789,66290.28990606575,206
310M700US33140,"Michigan City-La Porte, IN Metro Area",60607,77847,976,25.078539898132423,0.426841818676831,0.941471110984384,33140,"Michigan City-La Porte, IN",91.682,66105.66959708558,207
310M700US27740,"Johnson City, TN Metro Area",58097,65439,939,23.223977112863373,0.4195515108676445,0.8942982435074136,27740,"Johnson City, TN",87.928,66073.37821854245,208
310M700US21820,"Fairbanks-College, AK Metro Area",68186,87688,1459,19.791885049302657,0.5175346250448511,0.9070442149239876,21820,"Fairbanks-College, AK",103.208,66066.58398573754,209
310M700US17820,"Colorado Springs, CO Metro Area",66514,89935,1699,24.237233730776943,0.4667341562471935,0.9280021546038169,17820,"Colorado Springs, CO",100.707,66047.04737505833,210
310M700US43900,"Spartanburg, SC Metro Area",60120,71027,1057,25.779710895113208,0.4725237067303986,0.8928076577148398,43900,"Spartanburg, SC",91.051,66028.92884207751,211
310M700US21780,"Evansville, IN Metro Area",60434,73894,986,21.63925587960152,0.4266158119912056,0.942847934280746,21780,"Evansville, IN",91.528,66027.88217813127,212
310M700US40220,"Roanoke, VA Metro Area",61767,74888,1043,23.384044851025983,0.4265791064992864,0.9360165418287624,40220,"Roanoke, VA",93.618,65977.69659680831,213
310M700US22900,"Fort Smith, AR-OK Metro Area",56658,74465,866,22.14584969458988,0.462811399611676,0.889956554847854,22900,"Fort Smith, AR-OK",85.888,65967.30625931446,214
310M700US30700,"Lincoln, NE Metro Area",60373,72865,1082,20.250400942523346,0.4356430715752883,0.9408234312682208,30700,"Lincoln, NE",91.581,65923.0626439982,215
310M700US25740,"Helena, MT Metro Area",63021,78339,1082,20.25155753496635,0.4035975551523254,0.9415568991578492,25740,"Helena, MT",95.675,65869.87196237262,216
310M700US26380,"Houma-Bayou Cane-Thibodaux, LA Metro Area",56044,66443,1014,25.28127033867663,0.4775126452114946,0.9321917089906664,26380,"Houma-Bayou Cane-Thibodaux, LA",85.103,65854.31770912894,217
310M700US30140,"Lebanon, PA Metro Area",61347,78840,1110,23.221265751332325,0.4331590253483091,0.909862209298232,30140,"Lebanon, PA",93.214,65813.07528911966,218
310M700US49740,"Yuma, AZ Metro Area",60997,70730,993,21.927654822335025,0.7368616212930398,0.8599821658575251,49740,"Yuma, AZ",92.706,65796.17284749639,219
310M700US40580,"Rocky Mount, NC Metro Area",57900,72080,920,24.328136755725858,0.4738487248752346,0.8871542922543321,40580,"Rocky Mount, NC",88.012,65786.48366131891,220
310M700US45900,"Traverse City, MI Metro Area",61361,71959,1225,23.0510485083485,0.4185341196293176,0.9550459668623072,45900,"Traverse City, MI",93.372,65716.70308015251,221
310M700US24140,"Goldsboro, NC Metro Area",58132,72691,965,23.470300558349503,0.4675182940148536,0.8792884930204721,24140,"Goldsboro, NC",88.462,65714.0919264769,222
310M700US44060,"Spokane-Spokane Valley, WA Metro Area",65888,86875,1264,23.325427864398566,0.4701170940066034,0.9484999140473812,44060,"Spokane-Spokane Valley, WA",100.346,65660.8135849959,223
310M700US20580,"Eagle Pass, TX Metro Area",54956,61815,859,20.77191889171181,0.6569168699568398,0.7661641482920736,20580,"Eagle Pass, TX",83.805,65576.03961577472,224
310M700US21500,"Erie, PA Metro Area",59632,75626,904,20.529748054969826,0.4035658859845374,0.9582706096927458,21500,"Erie, PA",90.95,65565.69543705333,225
310M700US36220,"Odessa, TX Metro Area",61551,70680,1259,24.675613507558857,0.5914934239368698,0.7789723155135045,36220,"Odessa, TX",93.896,65552.3131975803,226
310M700US31860,"Mankato, MN Metro Area",59617,80240,1069,17.475119009198,0.4403508403361345,0.9599449921555716,31860,"Mankato, MN",90.955,65545.5994722665,227
310M700US28450,"Kenosha, WI Metro Area",66243,84379,1219,25.56166538305899,0.4665751275009807,0.9426600973425368,28450,"Kenosha, WI",101.118,65510.59158606777,228
310M700US24260,"Grand Island, NE Metro Area",56766,71883,929,18.77003709532374,0.4790500764525994,0.883455529083466,24260,"Grand Island, NE",86.657,65506.53726761831,229
310M700US27340,"Jacksonville, NC Metro Area",60313,77637,1265,23.07104393718356,0.4645678537407488,0.9045268961406646,27340,"Jacksonville, NC",92.085,65497.09507520227,230
310M700US27500,"Janesville-Beloit, WI Metro Area",61332,74885,1037,24.161318868383365,0.4215963264884944,0.9449299146973992,27500,"Janesville-Beloit, WI",93.703,65453.614078524704,231
310M700US27620,"Jefferson City, MO Metro Area",57547,66537,827,21.840472068507125,0.3828310334253296,0.9232297322729268,27620,"Jefferson City, MO",87.975,65412.90139244104,232
310M700US23580,"Gainesville, GA Metro Area",63280,77505,1341,27.660132210067108,0.5653514915693905,0.8351166578289524,23580,"Gainesville, GA",96.766,65394.87009900172,233
310M700US29340,"Lake Charles, LA Metro Area",56095,62139,1081,22.33508778898864,0.4485107973421927,0.92774812792189,29340,"Lake Charles, LA",85.852,65339.18837068443,234
310M700US18880,"Crestview-Fort Walton Beach-Destin, FL Metro Area",63392,85927,1633,27.466468594154904,0.4903747962272939,0.8736534269155102,18880,"Crestview-Fort Walton Beach-Destin, FL",97.031,65331.698117096596,235
310M700US34740,"Muskegon-Norton Shores, MI Metro Area",60430,76250,1028,22.61349671686281,0.4248879617791534,0.9547420442043624,34740,"Muskegon-Norton Shores, MI",92.519,65316.313405895,236
310M700US27180,"Jackson, TN Metro Area",55800,67763,997,23.66107441477219,0.4389494847443927,0.9033474301313464,27180,"Jackson, TN",85.522,65246.36935525361,237
310M700US42540,"Scranton--Wilkes-Barre, PA Metro Area",61035,77648,1003,22.90682305234386,0.4181399259346497,0.9418524037722767,42540,"Scranton--Wilkes-Barre, PA",93.556,65239.001239899095,238
310M700US15260,"Brunswick-St. Simons, GA Metro Area",57208,66536,1080,24.338729805013926,0.4687886797772608,0.8599066044029353,15260,"Brunswick-St. Simons, GA",87.708,65225.521047110866,239
310M700US47020,"Victoria, TX Metro Area",58585,64464,1151,22.89929350217572,0.4935006012024048,0.8305304010349288,47020,"Victoria, TX",89.839,65211.099856409804,240
310M700US30460,"Lexington-Fayette, KY Metro Area",60572,74885,1138,22.79353211089054,0.4492611797044492,0.9351483462470296,30460,"Lexington-Fayette, KY",92.889,65209.0129078793,241
310M700US40140,"Riverside-San Bernardino-Ontario, CA Metro Area",69376,95515,1846,31.83082151953588,0.6370053267074125,0.9213094759691468,40140,"Riverside-San Bernardino-Ontario, CA",106.442,65177.27964525282,242
310M700US35380,"New Orleans-Metairie, LA Metro Area",60274,74090,1217,25.315337543422824,0.442806131874152,0.9066984314178268,35380,"New Orleans-Metairie, LA",92.597,65092.82158169272,243
310M700US17980,"Columbus, GA-AL Metro Area",58121,74311,1069,23.172503273609912,0.4275418162874207,0.8910882384545001,17980,"Columbus, GA-AL",89.296,65088.021859881745,244
310M700US20020,"Dothan, AL Metro Area",54496,72388,910,23.914638634218147,0.4323929691113738,0.8882245837057635,20020,"Dothan, AL",83.833,65005.42745696803,245
310M700US25860,"Hickory-Lenoir-Morganton, NC Metro Area",57444,71938,869,24.2768447526179,0.4541786371536652,0.8958597188306223,25860,"Hickory-Lenoir-Morganton, NC",88.486,64918.74420812332,246
310M700US27260,"Jacksonville, FL Metro Area",64493,85699,1513,26.97651526119943,0.4537161697170333,0.9062798910375076,27260,"Jacksonville, FL",99.484,64827.50995134897,247
310M700US27140,"Jackson, MS Metro Area",57595,70241,1072,25.6270551042491,0.4337137256931417,0.8936675254151036,27140,"Jackson, MS",89.048,64678.60030545324,248
310M700US49180,"Winston-Salem, NC Metro Area",59435,79110,1016,24.576823071410303,0.4351079754318441,0.9039806139028268,49180,"Winston-Salem, NC",92.043,64573.07997349065,249
310M700US15540,"Burlington-South Burlington, VT Metro Area",65174,81077,1581,23.715745494319247,0.4638666732006926,0.9648643744495536,15540,"Burlington-South Burlington, VT",100.949,64561.31313831737,250
310M700US36980,"Owensboro, KY Metro Area",57185,65167,907,21.183698042089837,0.4611363636363636,0.946411569208659,36980,"Owensboro, KY",88.61,64535.60546213746,251
310M700US29700,"Laredo, TX Metro Area",56115,70950,1027,22.447192061684856,0.6900897609852834,0.7267156633798765,29700,"Laredo, TX",86.956,64532.63719582317,252
310M700US37620,"Parkersburg-Vienna, WV Metro Area",56123,73192,818,22.11683343143025,0.3866148899062568,0.937274388850811,37620,"Parkersburg-Vienna, WV",87.066,64460.29448923805,253
310M700US17900,"Columbia, SC Metro Area",60369,72532,1193,25.51653602927773,0.4415856708607487,0.9118243705590334,17900,"Columbia, SC",93.662,64454.10091605986,254
310M700US10180,"Abilene, TX Metro Area",58212,66549,1141,18.735116848777075,0.4571549337137103,0.8535844109409452,10180,"Abilene, TX",90.364,64419.45907662343,255
310M700US23060,"Fort Wayne, IN Metro Area",59553,77983,1003,22.503415385689284,0.4219187550824277,0.9197280510547337,23060,"Fort Wayne, IN",92.572,64331.54733612755,256
310M700US24020,"Glens Falls, NY Metro Area",61027,78804,1077,24.56359784211607,0.3930724001133465,0.9570730279049718,24020,"Glens Falls, NY",94.866,64329.686083528344,257
310M700US26980,"Iowa City, IA Metro Area",58851,80056,1097,20.41030321224857,0.4299453094381302,0.9492289187922456,26980,"Iowa City, IA",91.509,64311.70704520867,258
310M700US45300,"Tampa-St. Petersburg-Clearwater, FL Metro Area",64880,82339,1628,28.846692919145227,0.4716434545935779,0.8928260119046162,45300,"Tampa-St. Petersburg-Clearwater, FL",100.89,64307.661809891964,259
310M700US13980,"Blacksburg-Christiansburg-Radford, VA Metro Area",59611,72888,1104,22.252339002025803,0.4582108436048074,0.9470303902055562,13980,"Blacksburg-Christiansburg-Radford, VA",92.71,64298.3496925898,260
310M700US21420,"Enid, OK Metro Area",54170,72818,919,17.70681926736966,0.4473760915016603,0.875503282824064,21420,"Enid, OK",84.269,64282.23902028029,261
310M700US28740,"Kingston, NY Metro Area",64736,87897,1425,26.680244384175463,0.4430497897468015,0.9305258335056126,28740,"Kingston, NY",100.709,64280.25300618614,262
310M700US42340,"Savannah, GA Metro Area",61147,71503,1454,26.68589950206731,0.4279100294985251,0.8834895404684986,42340,"Savannah, GA",95.206,64225.994160031936,263
310M700US17660,"Coeur d'Alene, ID Metro Area",63075,80110,1492,23.347820584926883,0.4665067521283883,0.9063022650495652,17660,"Coeur d'Alene, ID",98.293,64170.38853224542,264
310M700US34060,"Morgantown, WV Metro Area",59819,77203,967,23.807246740220663,0.4152275516948353,0.94124376650044,34060,"Morgantown, WV",93.323,64098.882376263085,265
310M700US39340,"Provo-Orem-Lehi, UT Metro Area",62791,97144,1534,23.702612532100304,0.5700782908296674,0.9249826189986584,39340,"Provo-Orem-Lehi, UT",98.232,63921.12549881912,266
310M700US38860,"Portland-South Portland, ME Metro Area",65086,81428,1485,25.74135419014937,0.4226624245441533,0.9523384412547128,38860,"Portland-South Portland, ME",101.858,63898.76102024387,267
310M700US47220,"Vineland, NJ Metro Area",61318,73105,1282,26.203829095710464,0.5316467581532307,0.8953349200016508,47220,"Vineland, NJ",95.968,63894.21473824608,268
310M700US41420,"Salem, OR Metro Area",66140,81934,1399,25.140538127511057,0.5403470458635362,0.9215383509652948,41420,"Salem, OR",103.649,63811.51771845363,269
310M700US41540,"Salisbury, MD Metro Area",60908,78905,1274,23.679835235159448,0.4728562046713495,0.9385618932038836,41540,"Salisbury, MD",95.617,63699.96967066526,270
310M700US17860,"Columbia, MO Metro Area",56870,70985,1070,20.267040804986717,0.4085158368430163,0.9382387999227336,17860,"Columbia, MO",89.438,63585.94780741967,271
310M700US11460,"Ann Arbor, MI Metro Area",64118,90705,1463,24.604917186461293,0.4345237271122495,0.9668245275826988,11460,"Ann Arbor, MI",100.88,63558.68358445678,272
310M700US37340,"Palm Bay-Melbourne-Titusville, FL Metro Area",63523,91177,1556,26.20836635697065,0.439641929900476,0.9017297532257084,37340,"Palm Bay-Melbourne-Titusville, FL",100.005,63519.824008799565,273
310M700US14540,"Bowling Green, KY Metro Area",57228,65264,975,22.359481988687108,0.4879817924267551,0.919362673661712,14540,"Bowling Green, KY",90.179,63460.45088102551,274
310M700US46660,"Valdosta, GA Metro Area",55976,68802,1025,21.50430544272949,0.4686248629686472,0.8511542796710407,46660,"Valdosta, GA",88.271,63413.80521349027,275
310M700US32900,"Merced, CA Metro Area",62307,85284,1343,27.90885647630432,0.6030614436219398,0.9187577743341,32900,"Merced, CA",98.275,63400.66140931061,276
310M700US20940,"El Centro, CA Metro Area",60273,85760,1056,21.817250711998728,0.6671085658299898,0.9398260628689816,20940,"El Centro, CA",95.174,63329.270599113195,277
310M700US44420,"Staunton-Stuarts Draft, VA Metro Area",57610,64389,1068,23.80699683425444,0.4018311992289687,0.9278608786185468,44420,"Staunton-Stuarts Draft, VA",91.128,63218.76920375735,278
310M700US33660,"Mobile, AL Metro Area",55693,67938,1052,26.513619000166084,0.4272099502849963,0.8958445142049144,33660,"Mobile, AL",88.098,63217.099139594546,279
310M700US27860,"Jonesboro, AR Metro Area",54205,68060,929,21.116008600469115,0.4911433504388279,0.9173808248527048,27860,"Jonesboro, AR",85.876,63120.0801155154,280
310M700US14260,"Boise City, ID Metro Area",62047,82201,1487,23.75387318102993,0.4818426752507,0.913539740873146,14260,"Boise City, ID",98.391,63061.662143895264,281
310M700US31420,"Macon-Bibb County, GA Metro Area",55719,75344,1044,25.07056203149909,0.4432522058388109,0.8760596265932515,31420,"Macon-Bibb County, GA",88.528,62939.4090005422,282
310M700US33860,"Montgomery, AL Metro Area",56440,75645,1095,25.024099485971988,0.4478256719609041,0.9081048177327748,33860,"Montgomery, AL",89.682,62933.47605985594,283
310M700US11200,"Amherst Town-Northampton, MA Metro Area",63012,78865,1388,24.083320581484315,0.4228232823282328,0.9825022687999602,11200,"Amherst Town-Northampton, MA",100.243,62859.25201759724,284
310M700US15500,"Burlington, NC Metro Area",58551,70888,1064,26.608201040329664,0.4331402177902851,0.8980420017619143,15500,"Burlington, NC",93.196,62825.65775355166,285
310M700US26820,"Idaho Falls, ID Metro Area",59198,93015,1127,21.472295534295053,0.4938712912372917,0.9170236560191156,26820,"Idaho Falls, ID",94.412,62701.77519806804,286
310M700US26300,"Hot Springs, AR Metro Area",53649,67278,966,21.757067367763437,0.4661917582828509,0.9049152200242228,26300,"Hot Springs, AR",85.73,62579.027178350625,287
310M700US48680,"Wildwood-The Villages, FL Metro Area",53444,39470,1269,29.3045862952405,0.4316938260270828,0.9482377393534692,48680,"Wildwood-The Villages, FL",85.424,62563.21408503465,288
310M700US44180,"Springfield, MO Metro Area",55344,66664,972,23.001028647594023,0.4192352721643214,0.8927377835860341,44180,"Springfield, MO",88.585,62475.58841790372,289
310M700US22520,"Florence-Muscle Shoals, AL Metro Area",52989,64281,853,25.0001241407135,0.4099398092657251,0.9155582664358046,22520,"Florence-Muscle Shoals, AL",84.817,62474.50393199477,290
310M700US39380,"Pueblo, CO Metro Area",57281,73863,1111,22.81707148453703,0.4557228943912961,0.9476567181343324,39380,"Pueblo, CO",91.762,62423.44325537804,291
310M700US30300,"Lewiston, ID-WA Metro Area",56812,81173,1024,16.878837613438886,0.4291276484436306,0.9286193395417036,30300,"Lewiston, ID-WA",91.16,62321.19350592366,292
310M700US25220,"Hammond, LA Metro Area",52559,61824,1003,29.887258887000225,0.4398796817387929,0.9272043367629162,25220,"Hammond, LA",84.46,62229.45773147052,293
310M700US13460,"Bend, OR Metro Area",64443,84822,1697,21.30476573722226,0.4995121594381949,0.9374491933466732,13460,"Bend, OR",103.607,62199.4652870945,294
310M700US48900,"Wilmington, NC Metro Area",59922,75533,1389,24.128357802691347,0.4337336036036035,0.9120134835669028,48900,"Wilmington, NC",96.422,62145.568438738046,295
310M700US24660,"Greensboro-High Point, NC Metro Area",57628,72676,1093,23.680737132144944,0.4522695075576285,0.9100561043795256,24660,"Greensboro-High Point, NC",92.865,62055.67221235127,296
310M700US29940,"Lawrence, KS Metro Area",55954,67601,1099,22.013932531512985,0.439485492845787,0.918325910948088,29940,"Lawrence, KS",90.243,62003.701118092264,297
310M700US45460,"Terre Haute, IN Metro Area",54337,71058,892,23.019995401704243,0.4699864299185794,0.9285397630716942,45460,"Terre Haute, IN",87.797,61889.35840632368,298
310M700US10740,"Albuquerque, NM Metro Area",59132,82576,1156,25.28194520495175,0.4563652771809196,0.9167253175105984,10740,"Albuquerque, NM",95.546,61888.51443283863,299
310M700US43780,"South Bend-Mishawaka, IN-MI Metro Area",57439,72547,1046,22.555303198168254,0.4300824286830266,0.9295543864885704,43780,"South Bend-Mishawaka, IN-MI",92.858,61856.81362941265,300
310M700US28700,"Kingsport-Bristol, TN-VA Metro Area",53357,69768,849,24.23048643262697,0.4203484469306639,0.9146016459350096,28700,"Kingsport-Bristol, TN-VA",86.447,61722.21129709533,301
310M700US48540,"Wheeling, WV-OH Metro Area",54498,68962,812,23.821772377215925,0.3683547461644006,0.9460182407568328,48540,"Wheeling, WV-OH",88.323,61703.06715125166,302
310M700US39660,"Rapid City, SD Metro Area",54965,77695,1140,20.40853965922021,0.4317288172992056,0.899275701092885,39660,"Rapid City, SD",89.16,61647.59982054734,303
310M700US21340,"El Paso, TX Metro Area",55211,73199,1079,24.719109189311403,0.5533462286900738,0.7831757567746511,21340,"El Paso, TX",89.912,61405.59658332592,304
310M700US13740,"Billings, MT Metro Area",57326,77100,1117,20.062694173910007,0.4110796421557932,0.9235890355243018,13740,"Billings, MT",93.526,61294.18557406496,305
310M700US30020,"Lawton, OK Metro Area",52635,65417,965,19.230753092093437,0.4426247848537005,0.8866922839097213,30020,"Lawton, OK",85.941,61245.505637588576,306
310M700US24500,"Great Falls, MT Metro Area",59232,73203,939,17.399138597754487,0.4119670741500847,0.9295552883125257,24500,"Great Falls, MT",96.845,61161.650059373234,307
310M700US23460,"Gadsden, AL Metro Area",52361,65411,847,25.68943349272958,0.452390353009822,0.8862602008788449,23460,"Gadsden, AL",85.653,61131.542386139416,308
310M700US41660,"San Angelo, TX Metro Area",56481,66104,1155,19.07149114454389,0.4713737269012624,0.8454677221540863,41660,"San Angelo, TX",92.453,61091.58166852347,309
310M700US29820,"Las Vegas-Henderson-North Las Vegas, NV Metro Area",61094,83086,1626,26.05469462121468,0.521861196702313,0.8783816445559347,29820,"Las Vegas-Henderson-North Las Vegas, NV",100.215,60962.92970114254,310
310M700US30340,"Lewiston-Auburn, ME Metro Area",57723,74679,1010,25.30782227259371,0.4583278101802757,0.940984897287238,30340,"Lewiston-Auburn, ME",94.736,60930.37493666611,311
310M700US41140,"St. Joseph, MO-KS Metro Area",52624,67192,895,20.260786976890675,0.4036960276338515,0.9028005588967865,41140,"St. Joseph, MO-KS",86.382,60920.09909471881,312
310M700US24420,"Grants Pass, OR Metro Area",59522,76348,1194,21.813396310367253,0.4878356771335002,0.9343674871207784,24420,"Grants Pass, OR",97.76,60885.842880523734,313
310M700US14580,"Bozeman, MT Metro Area",62371,75807,1694,19.41541001836532,0.4501098019553773,0.9305047430958008,14580,"Bozeman, MT",102.51,60843.82011511072,314
310M700US31740,"Manhattan, KS Metro Area",54857,72878,1063,18.183735266329013,0.418398991746961,0.933338288980293,31740,"Manhattan, KS",90.162,60842.70535258756,315
310M700US16020,"Cape Girardeau, MO-IL Metro Area",52369,58495,864,21.846077537058157,0.3989616385461261,0.9252491865929866,16020,"Cape Girardeau, MO-IL",86.078,60839.00648249262,316
310M700US48700,"Williamsport, PA Metro Area",56133,78894,913,20.96260843869388,0.3931751346127294,0.9481494192662704,48700,"Williamsport, PA",92.35,60782.89117487818,317
310M700US10540,"Albany, OR Metro Area",62041,73273,1320,25.457539736581,0.5108512283623817,0.9369814256989438,10540,"Albany, OR",102.1,60764.93633692459,318
310M700US25940,"Hilton Head Island-Bluffton-Port Royal, SC Metro Area",59512,73425,1573,25.038323501043045,0.5025219279010613,0.906593736573918,25940,"Hilton Head Island-Bluffton-Port Royal, SC",98.017,60715.99824520237,319
310M700US45220,"Tallahassee, FL Metro Area",57004,69045,1252,24.08353907453128,0.4486391741773213,0.91642514484752,45220,"Tallahassee, FL",93.919,60694.85407638497,320
310M700US25620,"Hattiesburg, MS Metro Area",53130,59751,1014,23.06832904428077,0.4343121656199115,0.8854747148586011,25620,"Hattiesburg, MS",87.633,60627.84567457465,321
310M700US39820,"Redding, CA Metro Area",60992,90725,1317,19.82641316584701,0.4599653598500285,0.9353970390309556,39820,"Redding, CA",100.684,60577.64888164952,322
310M700US37860,"Pensacola-Ferry Pass-Brent, FL Metro Area",59094,76780,1354,26.619171446044795,0.4418244140132739,0.8886391327250721,37860,"Pensacola-Ferry Pass-Brent, FL",97.717,60474.635938475396,323
310M700US12020,"Athens-Clarke County, GA Metro Area",56443,69926,1201,23.85472364968885,0.4513058401236671,0.8909688508552986,12020,"Athens-Clarke County, GA",93.343,60468.38006063658,324
310M700US34940,"Naples-Marco Island, FL Metro Area",62339,85842,1862,26.92604218074143,0.540372001957905,0.886790833404858,34940,"Naples-Marco Island, FL",103.2,60406.00775193798,325
310M700US46060,"Tucson, AZ Metro Area",58412,77730,1212,25.2292734813052,0.4968245525271375,0.9141023813468228,46060,"Tucson, AZ",96.896,60283.19022457067,326
310M700US19140,"Dalton, GA Metro Area",54145,66799,938,24.7524926086683,0.5060050173439048,0.831168104714092,19140,"Dalton, GA",89.844,60265.571434931655,327
310M700US24780,"Greenville, NC Metro Area",53204,69943,993,22.052916019197184,0.4345487579098621,0.9004483077238972,24780,"Greenville, NC",88.402,60184.15872944051,328
310M700US37460,"Panama City-Panama City Beach, FL Metro Area",58521,73996,1456,25.717106061776487,0.470738563259471,0.8561306704428927,37460,"Panama City-Panama City Beach, FL",97.296,60147.38529847065,329
310M700US17300,"Clarksville, TN-KY Metro Area",54662,69897,1207,26.521668900331523,0.4704381787202595,0.9042719921540724,17300,"Clarksville, TN-KY",90.947,60103.13699187438,330
310M700US46520,"Urban Honolulu, HI Metro Area",66654,89405,2083,27.92736060583233,0.6248427684494804,0.9672715544134598,46520,"Urban Honolulu, HI",110.961,60069.7542379755,331
310M700US48260,"Weirton-Steubenville, WV-OH Metro Area",53301,65797,785,25.088896269235025,0.3769553968369652,0.943638383019234,48260,"Weirton-Steubenville, WV-OH",89.024,59872.618619698056,332
310M700US42680,"Sebastian-Vero Beach-West Vero Corridor, FL Metro Area",58838,70079,1357,23.62565960740168,0.4221837937646474,0.9000963233556876,42680,"Sebastian-Vero Beach-West Vero Corridor, FL",98.308,59850.67339382349,333
310M700US11500,"Anniston-Oxford, AL Metro Area",51269,62521,826,25.36058183240272,0.4309752264052092,0.8980739834912871,11500,"Anniston-Oxford, AL",85.949,59650.49040710189,334
310M700US13380,"Bellingham, WA Metro Area",61536,84468,1555,21.89328008101517,0.5046060614942698,0.9421240268081054,13380,"Bellingham, WA",103.334,59550.58354462229,335
310M700US22140,"Farmington, NM Metro Area",52214,79726,956,24.678506076103787,0.5703095099425909,0.8705878425186335,22140,"Farmington, NM",87.707,59532.3064293614,336
310M700US15180,"Brownsville-Harlingen, TX Metro Area",51181,69692,912,22.23442569552666,0.6625613124286159,0.7418175553205951,15180,"Brownsville-Harlingen, TX",85.975,59530.09595812737,337
310M700US29740,"Las Cruces, NM Metro Area",53494,67254,934,23.1866932685635,0.476306498379669,0.8867000652268445,29740,"Las Cruces, NM",90.212,59298.09781403804,338
310M700US40660,"Rome, GA Metro Area",53387,71960,1014,24.07477461772177,0.4769684100730144,0.8654803397487658,40660,"Rome, GA",90.161,59212.96347644769,339
310M700US44300,"State College, PA Metro Area",57111,79728,1207,20.91660900794043,0.4733225405836956,0.9475629550921428,44300,"State College, PA",96.762,59022.13678923544,340
310M700US24300,"Grand Junction, CO Metro Area",56167,71430,1182,18.885436451253398,0.4040310654968824,0.9010424948638524,24300,"Grand Junction, CO",95.476,58828.3966651305,341
310M700US30860,"Logan, UT-ID Metro Area",56410,83630,1201,18.974620778908083,0.5276115851181148,0.9295302883057984,30860,"Logan, UT-ID",95.927,58805.133069938594,342
310M700US38540,"Pocatello, ID Metro Area",52216,76669,960,18.023356566899004,0.4491535606134609,0.9352219844424065,38540,"Pocatello, ID",88.906,58731.69414887634,343
310M700US22180,"Fayetteville, NC Metro Area",53999,68761,1212,23.12203851744186,0.4579258269820068,0.9036221445908854,22180,"Fayetteville, NC",91.978,58708.60423144666,344
310M700US35840,"North Port-Bradenton-Sarasota, FL Metro Area",60004,73298,1747,26.69673978461578,0.4691490685850509,0.8919676915273282,35840,"North Port-Bradenton-Sarasota, FL",102.417,58587.929738227045,345
310M700US22380,"Flagstaff, AZ Metro Area",58696,73473,1473,19.43591794564149,0.5529037777477599,0.8898252640508424,22380,"Flagstaff, AZ",100.325,58505.85596810366,346
310M700US38940,"Port St. Lucie, FL Metro Area",58603,71881,1580,29.489524878413768,0.5089204335366981,0.8888501910704784,38940,"Port St. Lucie, FL",100.228,58469.689108831866,347
310M700US31340,"Lynchburg, VA Metro Area",52237,62511,991,23.496973399755618,0.4178924339417053,0.9425229984795664,31340,"Lynchburg, VA",89.363,58454.84148920694,348
310M700US25060,"Gulfport-Biloxi, MS Metro Area",52406,71079,1097,25.826337815708072,0.460960729711298,0.87907699513566,25060,"Gulfport-Biloxi, MS",90.006,58225.00722174078,349
310M700US34620,"Muncie, IN Metro Area",51312,71382,906,21.569994778067883,0.4329725894872622,0.9318021520933176,34620,"Muncie, IN",88.148,58211.190270908024,350
310M700US17020,"Chico, CA Metro Area",58824,79622,1414,20.72225104718999,0.4872577609214777,0.9360016707463964,17020,"Chico, CA",101.197,58128.205381582455,351
310M700US15980,"Cape Coral-Fort Myers, FL Metro Area",59345,77176,1712,29.98667091471206,0.4659719069745333,0.8706886786412597,15980,"Cape Coral-Fort Myers, FL",102.349,57982.97980439477,352
310M700US34820,"Myrtle Beach-Conway-North Myrtle Beach, SC Metro Area",54170,63575,1255,23.77735909065767,0.4516542009473946,0.8834766048199029,34820,"Myrtle Beach-Conway-North Myrtle Beach, SC",93.642,57847.97419961129,353
310M700US44940,"Sumter, SC Metro Area",50890,74418,1057,23.82591314887765,0.4126804399297334,0.8948385986577725,44940,"Sumter, SC",88.02,57816.40536241763,354
310M700US29200,"Lafayette-West Lafayette, IN Metro Area",53977,69706,1107,20.357378230872207,0.4514477658987628,0.9401899086037048,29200,"Lafayette-West Lafayette, IN",93.43,57772.664026543935,355
310M700US34100,"Morristown, TN Metro Area",49704,61854,873,26.673009401942807,0.4534137460172963,0.8898128212108463,34100,"Morristown, TN",86.364,57551.75767680977,356
310M700US16220,"Casper, WY Metro Area",53925,79110,1016,18.288784315915883,0.4377788989797062,0.893168880455408,16220,"Casper, WY",93.829,57471.57062315489,357
310M700US12620,"Bangor, ME Metro Area",55268,72018,1041,22.9066816747833,0.4338464941960335,0.9367828505972836,12620,"Bangor, ME",96.508,57267.79127118996,358
310M700US27900,"Joplin, MO-KS Metro Area",49023,66849,928,20.97231678072177,0.4427582017010936,0.8781361119640257,27900,"Joplin, MO-KS",85.718,57191.02172239203,359
310M700US46300,"Twin Falls, ID Metro Area",52662,62153,1071,19.348116025826343,0.4896849370686154,0.8885037845001147,46300,"Twin Falls, ID",92.108,57174.186824162934,360
310M700US17420,"Cleveland, TN Metro Area",50261,64017,1006,24.937344830853785,0.472766750197837,0.8923100993507002,17420,"Cleveland, TN",88.08,57062.897366030884,361
310M700US39460,"Punta Gorda, FL Metro Area",57130,68623,1464,27.136548856548856,0.4292655983634503,0.9033114397961566,39460,"Punta Gorda, FL",100.525,56831.63392190997,362
310M700US19660,"Deltona-Daytona Beach-Ormond Beach, FL Metro Area",56435,66441,1500,27.6440282257595,0.4707828154068765,0.8972412486979577,19660,"Deltona-Daytona Beach-Ormond Beach, FL",99.367,56794.50924351142,363
310M700US29460,"Lakeland-Winter Haven, FL Metro Area",55000,65510,1363,30.476395473692904,0.5113456364061768,0.8759647308341846,29460,"Lakeland-Winter Haven, FL",97.141,56618.72947571056,364
310M700US36740,"Orlando-Kissimmee-Sanford, FL Metro Area",57297,77264,1760,29.816637196775925,0.5233174099210626,0.8897813864169902,36740,"Orlando-Kissimmee-Sanford, FL",101.418,56495.88830385139,365
310M700US25980,"Hinesville, GA Metro Area",53003,61721,1213,26.05854202546656,0.4723279758915119,0.8916945503592457,25980,"Hinesville, GA",93.933,56426.38902196246,366
310M700US42700,"Sebring, FL Metro Area",51832,59114,1035,23.197034092646383,0.4554948176200917,0.8621765426427805,42700,"Sebring, FL",92.47,56052.77387260733,367
310M700US14020,"Bloomington, IN Metro Area",53291,63240,1176,22.138660015736576,0.427365367965368,0.945693417985219,14020,"Bloomington, IN",95.084,56046.23280467797,368
310M700US21140,"Elkhart-Goshen, IN Metro Area",50616,65465,1047,20.844444929402265,0.4501816634241245,0.8575554494890951,21140,"Elkhart-Goshen, IN",90.325,56037.641848879044,369
310M700US26140,"Homosassa Springs, FL Metro Area",52293,74761,1107,27.302257451136462,0.4198708819899364,0.8963319475136398,26140,"Homosassa Springs, FL",93.467,55948.08863021173,370
310M700US27980,"Kahului-Wailuku, HI Metro Area",60676,75548,1914,24.239053541375476,0.6344543470352855,0.9585220368938472,27980,"Kahului-Wailuku, HI",109.393,55466.071869315216,371
310M700US16180,"Carson City, NV Metro Area",54308,71737,1248,21.83333333333333,0.5022458814300123,0.8883231378193595,16180,"Carson City, NV",98.13,55342.91246305921,372
310M700US27060,"Ithaca, NY Metro Area",57159,73112,1411,20.5581133697411,0.4476470439997984,0.9563864129125512,27060,"Ithaca, NY",103.317,55323.90603676065,373
310M700US36100,"Ocala, FL Metro Area",52683,60922,1277,27.191860984211544,0.4692926179194486,0.8745941341059983,36100,"Ocala, FL",95.234,55319.52873973581,374
310M700US32780,"Medford, OR Metro Area",56083,83231,1358,19.75956575174109,0.4501261885010529,0.9434621311053172,32780,"Medford, OR",101.433,55290.68449124052,375
310M700US20100,"Dover, DE Metro Area",53831,76163,1354,26.977296227739835,0.4090964008972267,0.9339535995913198,20100,"Dover, DE",97.507,55207.318448931874,376
310M700US42140,"Santa Fe, NM Metro Area",54452,81412,1389,24.65116458034065,0.4308026681214045,0.9107198302628856,42140,"Santa Fe, NM",98.767,55131.774783075314,377
310M700US29420,"Lake Havasu City-Kingman, AZ Metro Area",51856,71941,1091,20.068515908175595,0.4780348362205916,0.9050620345103036,29420,"Lake Havasu City-Kingman, AZ",94.098,55108.50390018917,378
310M700US11700,"Asheville, NC Metro Area",52193,68307,1296,23.27771811833433,0.4742323913530695,0.8882521489971347,11700,"Asheville, NC",96.506,54082.64771102314,379
310M700US39150,"Prescott Valley-Prescott, AZ Metro Area",53036,67240,1351,23.170255532075107,0.4552357843844711,0.8990465967149173,39150,"Prescott Valley-Prescott, AZ",98.255,53977.91460994352,380
310M700US21660,"Eugene-Springfield, OR Metro Area",54744,69937,1355,20.71584834198016,0.4754447897821279,0.94429053965594,21660,"Eugene-Springfield, OR",101.568,53898.86578449906,381
310M700US25500,"Harrisonburg, VA Metro Area",50848,72550,1173,21.203377214258232,0.467442836391026,0.8941851906374209,25500,"Harrisonburg, VA",94.892,53585.128356447334,382
310M700US23540,"Gainesville, FL Metro Area",51498,79134,1295,24.3236219508683,0.4670138290910344,0.9155764814627594,23540,"Gainesville, FL",96.733,53237.26132757177,383
310M700US33540,"Missoula, MT Metro Area",49842,68750,1184,19.061273422301102,0.4446704663681187,0.9382484489972588,33540,"Missoula, MT",96.445,51679.195396339885,384
310M700US33100,"Miami-Fort Lauderdale-West Palm Beach, FL Metro Area",58951,79731,1869,30.23105354913321,0.5828720640086791,0.8686566846293428,33100,"Miami-Fort Lauderdale-West Palm Beach, FL",114.155,51641.18961061714,385
310M700US41100,"St. George, UT Metro Area",49478,84615,1566,19.402766874629865,0.5180274858528698,0.888606322870415,41100,"St. George, UT",97.321,50840.00369909886,386
310M700US18700,"Corvallis, OR Metro Area",51808,82810,1410,20.181628420966465,0.4625400795564127,0.9517362664807434,18700,"Corvallis, OR",104.017,49807.24304680966,387
