GEO_ID,NAME,bachelor_degree,graduate_degree,median_rent,avg_commute_time,avg_occupants_per_room,insurance_coverage_rate
310M700US10180,"Abilene, TX Metro Area",58212,66549,1141,18.735116848777075,0.4571549337137103,0.8535844109409452
310M700US10380,"Aguadilla, PR Metro Area",26907,37382,528,24.583452161754323,0.4533503320306294,0.9496433101141488
310M700US10420,"Akron, OH Metro Area",66405,85002,1033,24.333907094893693,0.3939541385251187,0.9454155684718177
310M700US10500,"Albany, GA Metro Area",60220,69143,950,22.867462713880503,0.4345976396974378,0.8802127808497235
310M700US10540,"Albany, OR Metro Area",62041,73273,1320,25.457539736581,0.5108512283623817,0.9369814256989438
310M700US10580,"Albany-Schenectady-Troy, NY Metro Area",75715,87769,1280,24.239302520074315,0.40441519190153663,0.9689435254853896
310M700US10740,"Albuquerque, NM Metro Area",59132,82576,1156,25.28194520495175,0.4563652771809196,0.9167253175105984
310M700US10780,"Alexandria, LA Metro Area",59083,65886,946,21.89713028799427,0.45511599999999997,0.920657195456598
310M700US10900,"Allentown-Bethlehem-Easton, PA-NJ Metro Area",67773,86945,1365,27.214531584080678,0.4559253625442246,0.9456920521682003
310M700US11020,"Altoona, PA Metro Area",60854,65205,885,20.872111483506792,0.35125795836612067,0.9418977662006985
310M700US11100,"Amarillo, TX Metro Area",66664,83891,1086,21.018586799852514,0.4639491780380359,0.8555449352540907
310M700US11180,"Ames, IA Metro Area",60517,74445,1000,19.75578822069844,0.4206225631028115,0.9596015670848732
310M700US11200,"Amherst Town-Northampton, MA Metro Area",63012,78865,1388,24.083320581484315,0.42282328232823285,0.9825022687999602
310M700US11260,"Anchorage, AK Metro Area",74453,97262,1458,22.69455418810221,0.4949456307864378,0.8955500072669892
310M700US11460,"Ann Arbor, MI Metro Area",64118,90705,1463,24.604917186461293,0.4345237271122495,0.9668245275826988
310M700US11500,"Anniston-Oxford, AL Metro Area",51269,62521,826,25.36058183240272,0.4309752264052092,0.8980739834912871
310M700US11540,"Appleton, WI Metro Area",66848,80324,1060,21.243615103191136,0.40181145261892237,0.9627020917623549
310M700US11640,"Arecibo, PR Metro Area",28257,41384,550,27.07137965832913,0.4661453449430677,0.9448903276218117
310M700US11700,"Asheville, NC Metro Area",52193,68307,1296,23.277718118334334,0.4742323913530695,0.8882521489971347
310M700US12020,"Athens-Clarke County, GA Metro Area",56443,69926,1201,23.85472364968885,0.4513058401236671,0.8909688508552986
310M700US12060,"Atlanta-Sandy Springs-Roswell, GA Metro Area",72746,91335,1672,31.574674685642744,0.46418587111050996,0.8804206286559433
310M700US12100,"Atlantic City-Hammonton, NJ Metro Area",67203,87350,1373,24.527222717134737,0.48691453824204883,0.9354060982926963
310M700US12220,"Auburn-Opelika, AL Metro Area",59998,67358,1026,23.283267186991086,0.4412376218696234,0.9134591118782996
310M700US12260,"Augusta-Richmond County, GA-SC Metro Area",65119,77390,1120,24.974985934912322,0.4259990690646123,0.8983580456754918
310M700US12420,"Austin-Round Rock-San Marcos, TX Metro Area",78079,95193,1726,28.177506547125805,0.4962679434526981,0.8797119098933124
310M700US12540,"Bakersfield-Delano, CA Metro Area",70034,95862,1300,24.20515105227427,0.6412244503418337,0.9215832359561136
310M700US12580,"Baltimore-Columbia-Towson, MD Metro Area",80513,102145,1611,29.94501482488267,0.4366843276636498,0.9507465508139651
310M700US12620,"Bangor, ME Metro Area",55268,72018,1041,22.9066816747833,0.43384649419603355,0.9367828505972836
310M700US12700,"Barnstable Town, MA Metro Area",67633,85191,1678,23.961666034361283,0.4242336695964842,0.9734199980792904
310M700US12940,"Baton Rouge, LA Metro Area",66766,73553,1135,27.86942409386361,0.47425787296179117,0.9225689898571049
310M700US12980,"Battle Creek, MI Metro Area",62736,84489,968,21.27260330269745,0.39925545043192107,0.9418261593161359
310M700US13020,"Bay City, MI Metro Area",60981,76614,860,23.290436781609195,0.3836285962541031,0.9557920869497224
310M700US13140,"Beaumont-Port Arthur, TX Metro Area",66099,84251,1106,24.14609933120535,0.4973227021227357,0.8139667792202345
310M700US13220,"Beckley, WV Metro Area",59692,64345,856,25.97474694498348,0.4422237775289287,0.9445440420700371
310M700US13380,"Bellingham, WA Metro Area",61536,84468,1555,21.89328008101517,0.5046060614942698,0.9421240268081054
310M700US13460,"Bend, OR Metro Area",64443,84822,1697,21.30476573722226,0.4995121594381949,0.9374491933466733
310M700US13740,"Billings, MT Metro Area",57326,77100,1117,20.062694173910007,0.4110796421557932,0.9235890355243018
310M700US13780,"Binghamton, NY Metro Area",61616,74599,939,20.812015990623298,0.42198374373894004,0.9668265437224501
310M700US13820,"Birmingham, AL Metro Area",64688,79189,1172,27.895531516339652,0.41485715969097303,0.9126474143812486
310M700US13900,"Bismarck, ND Metro Area",66910,77719,1021,18.667145668676394,0.4133629286495529,0.952250879865525
310M700US13980,"Blacksburg-Christiansburg-Radford, VA Metro Area",59611,72888,1104,22.252339002025803,0.4582108436048074,0.9470303902055562
310M700US14010,"Bloomington, IL Metro Area",75739,84891,1009,19.034503238213752,0.41607460434002286,0.9538294628196106
310M700US14020,"Bloomington, IN Metro Area",53291,63240,1176,22.138660015736576,0.427365367965368,0.945693417985219
310M700US14260,"Boise City, ID Metro Area",62047,82201,1487,23.753873181029935,0.48184267525070007,0.9135397408731459
310M700US14460,"Boston-Cambridge-Newton, MA-NH Metro Area",85818,106593,2023,31.017794006088018,0.4867682276309442,0.9732386435949519
310M700US14500,"Boulder, CO Metro Area",75096,97099,1966,23.4208273004144,0.4486021340293237,0.9559253683849807
310M700US14540,"Bowling Green, KY Metro Area",57228,65264,975,22.359481988687108,0.4879817924267551,0.9193626736617119
310M700US14580,"Bozeman, MT Metro Area",62371,75807,1694,19.415410018365318,0.4501098019553773,0.9305047430958008
310M700US14740,"Bremerton-Silverdale-Port Orchard, WA Metro Area",79977,102286,1822,27.240458869113134,0.47441232724580457,0.9494974035045097
310M700US14860,"Bridgeport-Stamford-Danbury, CT Metro Area",89030,112981,1875,29.928681624576583,0.518772614961113,0.923185122171031
310M700US15180,"Brownsville-Harlingen, TX Metro Area",51181,69692,912,22.23442569552666,0.6625613124286159,0.7418175553205951
310M700US15260,"Brunswick-St. Simons, GA Metro Area",57208,66536,1080,24.338729805013926,0.46878867977726085,0.8599066044029353
310M700US15380,"Buffalo-Cheektowaga, NY Metro Area",64779,79373,1057,22.297697208064438,0.3895339430918722,0.9708197532364391
310M700US15500,"Burlington, NC Metro Area",58551,70888,1064,26.608201040329664,0.4331402177902851,0.8980420017619143
310M700US15540,"Burlington-South Burlington, VT Metro Area",65174,81077,1581,23.715745494319247,0.46386667320069264,0.9648643744495536
310M700US15940,"Canton-Massillon, OH Metro Area",61372,77400,908,23.090462938475223,0.3945214983325393,0.9416729594375147
310M700US15980,"Cape Coral-Fort Myers, FL Metro Area",59345,77176,1712,29.98667091471206,0.46597190697453333,0.8706886786412597
310M700US16020,"Cape Girardeau, MO-IL Metro Area",52369,58495,864,21.846077537058154,0.3989616385461261,0.9252491865929866
310M700US16180,"Carson City, NV Metro Area",54308,71737,1248,21.833333333333332,0.5022458814300123,0.8883231378193595
310M700US16220,"Casper, WY Metro Area",53925,79110,1016,18.288784315915883,0.43777889897970623,0.893168880455408
310M700US16300,"Cedar Rapids, IA Metro Area",65963,85789,928,21.003800557305148,0.41229551126577385,0.9605066572922617
310M700US16540,"Chambersburg, PA Metro Area",64105,77169,1093,24.548665915069524,0.39300107021820563,0.9111170852856082
310M700US16580,"Champaign-Urbana, IL Metro Area",61636,70553,1043,19.034983770415785,0.3940666777875748,0.9493519003599614
310M700US16620,"Charleston, WV Metro Area",59888,77827,896,23.66505231031852,0.38101866315876015,0.9512347685609307
310M700US16700,"Charleston-North Charleston, SC Metro Area",68569,79496,1605,28.563067452119046,0.43927174237249,0.9106467002710426
310M700US16740,"Charlotte-Concord-Gastonia, NC-SC Metro Area",72587,90008,1473,27.5018872032768,0.4610272165577841,0.9013844066651819
310M700US16820,"Charlottesville, VA Metro Area",65912,89882,1598,24.825825307512627,0.405986058717402,0.9411384305088885
310M700US16860,"Chattanooga, TN-GA Metro Area",63092,77186,1163,24.721940215522913,0.43905382840076024,0.8979112179880993
310M700US16940,"Cheyenne, WY Metro Area",64084,82563,1160,17.930009939928258,0.39798226338094495,0.9050807768545811
310M700US16980,"Chicago-Naperville-Elgin, IL-IN Metro Area",76648,95510,1430,31.072040866731324,0.48155087936746394,0.9248692923199716
310M700US17020,"Chico, CA Metro Area",58824,79622,1414,20.72225104718999,0.4872577609214777,0.9360016707463963
310M700US17140,"Cincinnati, OH-KY-IN Metro Area",71295,87029,1105,25.60788460141743,0.43600196316626694,0.9447057733494407
310M700US17300,"Clarksville, TN-KY Metro Area",54662,69897,1207,26.521668900331523,0.4704381787202595,0.9042719921540725
310M700US17410,"Cleveland, OH Metro Area",67481,86456,1050,24.879949357748934,0.39496522941844714,0.9431037972463877
310M700US17420,"Cleveland, TN Metro Area",50261,64017,1006,24.937344830853785,0.472766750197837,0.8923100993507002
310M700US17660,"Coeur d'Alene, ID Metro Area",63075,80110,1492,23.347820584926883,0.4665067521283883,0.9063022650495652
310M700US17780,"College Station-Bryan, TX Metro Area",60340,70903,1178,20.157083751894167,0.4761241636694125,0.8782257946870122
310M700US17820,"Colorado Springs, CO Metro Area",66514,89935,1699,24.237233730776943,0.4667341562471935,0.9280021546038167
310M700US17860,"Columbia, MO Metro Area",56870,70985,1070,20.267040804986713,0.4085158368430163,0.9382387999227337
310M700US17900,"Columbia, SC Metro Area",60369,72532,1193,25.51653602927773,0.44158567086074874,0.9118243705590334
310M700US17980,"Columbus, GA-AL Metro Area",58121,74311,1069,23.172503273609912,0.4275418162874207,0.8910882384545001
310M700US18020,"Columbus, IN Metro Area",73097,100962,1127,22.06436953034865,0.4580934935521689,0.9453397212543554
310M700US18140,"Columbus, OH Metro Area",72668,89289,1274,24.54289625098011,0.44536281901684466,0.923898049524171
310M700US18580,"Corpus Christi, TX Metro Area",62329,79287,1275,21.995788857241727,0.5293156853274333,0.8250187011220673
310M700US18700,"Corvallis, OR Metro Area",51808,82810,1410,20.181628420966465,0.46254007955641274,0.9517362664807434
310M700US18880,"Crestview-Fort Walton Beach-Destin, FL Metro Area",63392,85927,1633,27.466468594154904,0.4903747962272939,0.8736534269155102
310M700US19100,"Dallas-Fort Worth-Arlington, TX Metro Area",75177,94942,1614,28.905965117479102,0.5213246952474637,0.8382891813550589
310M700US19140,"Dalton, GA Metro Area",54145,66799,938,24.7524926086683,0.5060050173439048,0.831168104714092
310M700US19300,"Daphne-Fairhope-Foley, AL Metro Area",66858,76200,1277,27.80847715021321,0.39034945871268745,0.9171939522428945
310M700US19340,"Davenport-Moline-Rock Island, IA-IL Metro Area",65983,83119,941,21.27230479854916,0.4220240953337116,0.9465635880289265
310M700US19430,"Dayton-Kettering-Beavercreek, OH Metro Area",66469,88867,1039,22.66464543223471,0.4020252518970021,0.9409022466420032
310M700US19460,"Decatur, AL Metro Area",66594,75081,847,27.12840521470959,0.41758965647414115,0.8968133535660091
310M700US19500,"Decatur, IL Metro Area",64284,78040,847,20.106408507628576,0.3933140655105973,0.9591755252782352
310M700US19660,"Deltona-Daytona Beach-Ormond Beach, FL Metro Area",56435,66441,1500,27.6440282257595,0.47078281540687655,0.8972412486979577
310M700US19740,"Denver-Aurora-Centennial, CO Metro Area",80908,97355,1874,27.967805946149372,0.48442845170943,0.9203029935659539
310M700US19780,"Des Moines-West Des Moines, IA Metro Area",70899,88211,1150,21.8796552143073,0.44890987419917167,0.9525042723442914
310M700US19820,"Detroit-Warren-Dearborn, MI Metro Area",72440,92686,1207,27.031446439593672,0.41705932695780534,0.9523846423226214
310M700US20020,"Dothan, AL Metro Area",54496,72388,910,23.914638634218147,0.43239296911137387,0.8882245837057635
310M700US20100,"Dover, DE Metro Area",53831,76163,1354,26.977296227739835,0.40909640089722676,0.9339535995913198
310M700US20220,"Dubuque, IA Metro Area",62729,71599,959,17.282061111737512,0.42859659558890817,0.9647602778260825
310M700US20260,"Duluth, MN-WI Metro Area",60883,77875,990,21.015508633069498,0.4022201033095081,0.958614328100203
310M700US20500,"Durham-Chapel Hill, NC Metro Area",67118,82643,1466,25.012281185508158,0.44581297047518664,0.9052597470190625
310M700US20580,"Eagle Pass, TX Metro Area",54956,61815,859,20.771918891711806,0.6569168699568398,0.7661641482920736
310M700US20740,"Eau Claire, WI Metro Area",62256,74614,1033,20.010232009240195,0.4183183306055646,0.944829201182566
310M700US20940,"El Centro, CA Metro Area",60273,85760,1056,21.817250711998728,0.6671085658299898,0.9398260628689816
310M700US21060,"Elizabethtown, KY Metro Area",63705,67293,964,24.09258442902595,0.4697488431733289,0.9441027866717984
310M700US21140,"Elkhart-Goshen, IN Metro Area",50616,65465,1047,20.844444929402265,0.4501816634241245,0.8575554494890951
310M700US21300,"Elmira, NY Metro Area",66701,69658,1059,20.625699619654288,0.39124707996406116,0.9590800515251185
310M700US21340,"El Paso, TX Metro Area",55211,73199,1079,24.719109189311403,0.5533462286900738,0.7831757567746511
310M700US21420,"Enid, OK Metro Area",54170,72818,919,17.70681926736966,0.44737609150166036,0.875503282824064
310M700US21500,"Erie, PA Metro Area",59632,75626,904,20.529748054969826,0.4035658859845374,0.9582706096927458
310M700US21660,"Eugene-Springfield, OR Metro Area",54744,69937,1355,20.715848341980156,0.47544478978212795,0.9442905396559399
310M700US21780,"Evansville, IN Metro Area",60434,73894,986,21.639255879601517,0.4266158119912056,0.942847934280746
310M700US21820,"Fairbanks-College, AK Metro Area",68186,87688,1459,19.791885049302657,0.5175346250448511,0.9070442149239875
310M700US22020,"Fargo, ND-MN Metro Area",60629,77135,967,18.377859417284103,0.4345452979327118,0.9487072576716999
310M700US22140,"Farmington, NM Metro Area",52214,79726,956,24.678506076103787,0.5703095099425909,0.8705878425186335
310M700US22180,"Fayetteville, NC Metro Area",53999,68761,1212,23.12203851744186,0.4579258269820068,0.9036221445908854
310M700US22220,"Fayetteville-Springdale-Rogers, AR Metro Area",67360,88744,1157,22.585189110607573,0.5195529898984934,0.8911663129428082
310M700US22380,"Flagstaff, AZ Metro Area",58696,73473,1473,19.43591794564149,0.5529037777477599,0.8898252640508424
310M700US22420,"Flint, MI Metro Area",63570,75585,989,27.218988868214442,0.4089579547078883,0.9515472587032522
310M700US22500,"Florence, SC Metro Area",59976,67561,934,22.980352984590326,0.462057902973396,0.9080256276283284
310M700US22520,"Florence-Muscle Shoals, AL Metro Area",52989,64281,853,25.0001241407135,0.40993980926572515,0.9155582664358046
310M700US22540,"Fond du Lac, WI Metro Area",62707,71843,960,21.78646932230568,0.3997512634238787,0.959319519408142
310M700US22660,"Fort Collins-Loveland, CO Metro Area",69007,82523,1716,24.049618320610687,0.43105333813857105,0.943670388167218
310M700US22900,"Fort Smith, AR-OK Metro Area",56658,74465,866,22.145849694589877,0.46281139961167606,0.889956554847854
310M700US23060,"Fort Wayne, IN Metro Area",59553,77983,1003,22.503415385689284,0.42191875508242777,0.9197280510547335
310M700US23420,"Fresno, CA Metro Area",68873,91921,1392,24.370515293916014,0.7026698177841192,0.932546887844397
310M700US23460,"Gadsden, AL Metro Area",52361,65411,847,25.68943349272958,0.45239035300982205,0.8862602008788449
310M700US23540,"Gainesville, FL Metro Area",51498,79134,1295,24.3236219508683,0.4670138290910344,0.9155764814627594
310M700US23580,"Gainesville, GA Metro Area",63280,77505,1341,27.660132210067108,0.5653514915693905,0.8351166578289524
310M700US23900,"Gettysburg, PA Metro Area",65957,76213,1115,28.029294561120086,0.41778428190564504,0.940249357571143
310M700US24020,"Glens Falls, NY Metro Area",61027,78804,1077,24.56359784211607,0.39307240011334654,0.9570730279049718
310M700US24140,"Goldsboro, NC Metro Area",58132,72691,965,23.470300558349503,0.4675182940148536,0.8792884930204721
310M700US24220,"Grand Forks, ND-MN Metro Area",59105,76878,967,17.147380796361254,0.43814173059385225,0.9510622681557597
310M700US24260,"Grand Island, NE Metro Area",56766,71883,929,18.77003709532374,0.47905007645259945,0.883455529083466
310M700US24300,"Grand Junction, CO Metro Area",56167,71430,1182,18.885436451253394,0.40403106549688245,0.9010424948638524
310M700US24340,"Grand Rapids-Wyoming-Kentwood, MI Metro Area",66586,81404,1202,22.81871185509351,0.44365633387010206,0.9530598077050224
310M700US24420,"Grants Pass, OR Metro Area",59522,76348,1194,21.813396310367253,0.4878356771335002,0.9343674871207784
310M700US24500,"Great Falls, MT Metro Area",59232,73203,939,17.399138597754487,0.41196707415008477,0.9295552883125255
310M700US24540,"Greeley, CO Metro Area",71989,81346,1539,28.532158216052107,0.49361244420579253,0.9195909370102696
310M700US24580,"Green Bay, WI Metro Area",63857,75905,1010,21.426663759559908,0.4209364350453173,0.9520395821210191
310M700US24660,"Greensboro-High Point, NC Metro Area",57628,72676,1093,23.680737132144944,0.45226950755762857,0.9100561043795256
310M700US24780,"Greenville, NC Metro Area",53204,69943,993,22.052916019197184,0.43454875790986214,0.9004483077238972
310M700US24860,"Greenville-Anderson-Greer, SC Metro Area",63505,75919,1150,25.29930262507186,0.4575248245847766,0.8996754523481206
310M700US25020,"Guayama, PR Metro Area",29033,29790,470,27.222069330510717,0.4744973821989529,0.9564704054683859
310M700US25060,"Gulfport-Biloxi, MS Metro Area",52406,71079,1097,25.826337815708072,0.46096072971129803,0.87907699513566
310M700US25180,"Hagerstown-Martinsburg, MD-WV Metro Area",69699,77711,1159,29.321272310851366,0.43317111271329006,0.9390909523453483
310M700US25220,"Hammond, LA Metro Area",52559,61824,1003,29.887258887000222,0.43987968173879294,0.9272043367629162
310M700US25260,"Hanford-Corcoran, CA Metro Area",72701,90236,1331,24.095222011246623,0.583613120602517,0.9267033824677141
310M700US25420,"Harrisburg-Carlisle, PA Metro Area",66675,84170,1212,23.16439810317763,0.4132489317326279,0.9370944693829117
310M700US25500,"Harrisonburg, VA Metro Area",50848,72550,1173,21.203377214258232,0.467442836391026,0.8941851906374209
310M700US25540,"Hartford-West Hartford-East Hartford, CT Metro Area",81998,98320,1416,24.57241353715212,0.4509708469580436,0.9570500600713826
310M700US25620,"Hattiesburg, MS Metro Area",53130,59751,1014,23.06832904428077,0.43431216561991154,0.8854747148586011
310M700US25740,"Helena, MT Metro Area",63021,78339,1082,20.25155753496635,0.4035975551523254,0.9415568991578492
310M700US25860,"Hickory-Lenoir-Morganton, NC Metro Area",57444,71938,869,24.2768447526179,0.45417863715366524,0.8958597188306223
310M700US25940,"Hilton Head Island-Bluffton-Port Royal, SC Metro Area",59512,73425,1573,25.038323501043045,0.5025219279010613,0.906593736573918
310M700US25980,"Hinesville, GA Metro Area",53003,61721,1213,26.058542025466558,0.4723279758915119,0.8916945503592457
310M700US26140,"Homosassa Springs, FL Metro Area",52293,74761,1107,27.302257451136462,0.4198708819899364,0.8963319475136398
310M700US26300,"Hot Springs, AR Metro Area",53649,67278,966,21.757067367763433,0.4661917582828509,0.9049152200242229
310M700US26380,"Houma-Bayou Cane-Thibodaux, LA Metro Area",56044,66443,1014,25.28127033867663,0.47751264521149467,0.9321917089906663
310M700US26420,"Houston-Pasadena-The Woodlands, TX Metro Area",73636,92718,1430,30.819595485653664,0.5561903240848004,0.8151851369734703
310M700US26580,"Huntington-Ashland, WV-KY-OH Metro Area",59063,67956,884,24.62781320991661,0.413850631903672,0.9429175185962758
310M700US26620,"Huntsville, AL Metro Area",73739,101113,1183,24.11944868062295,0.41274169147430584,0.9225901522256974
310M700US26820,"Idaho Falls, ID Metro Area",59198,93015,1127,21.472295534295053,0.4938712912372917,0.9170236560191155
310M700US26900,"Indianapolis-Carmel-Greenwood, IN Metro Area",67854,88316,1191,26.23618103530381,0.43641264306151645,0.9324356122746329
310M700US26980,"Iowa City, IA Metro Area",58851,80056,1097,20.410303212248575,0.42994530943813025,0.9492289187922457
310M700US27060,"Ithaca, NY Metro Area",57159,73112,1411,20.5581133697411,0.4476470439997984,0.9563864129125512
310M700US27100,"Jackson, MI Metro Area",62269,81575,985,23.314287553717147,0.38416095561391145,0.9509631419304857
310M700US27140,"Jackson, MS Metro Area",57595,70241,1072,25.6270551042491,0.4337137256931417,0.8936675254151036
310M700US27180,"Jackson, TN Metro Area",55800,67763,997,23.66107441477219,0.43894948474439277,0.9033474301313463
310M700US27260,"Jacksonville, FL Metro Area",64493,85699,1513,26.97651526119943,0.4537161697170333,0.9062798910375077
310M700US27340,"Jacksonville, NC Metro Area",60313,77637,1265,23.071043937183557,0.4645678537407488,0.9045268961406646
310M700US27500,"Janesville-Beloit, WI Metro Area",61332,74885,1037,24.161318868383365,0.42159632648849443,0.9449299146973993
310M700US27620,"Jefferson City, MO Metro Area",57547,66537,827,21.840472068507125,0.38283103342532965,0.9232297322729269
310M700US27740,"Johnson City, TN Metro Area",58097,65439,939,23.223977112863373,0.4195515108676445,0.8942982435074136
310M700US27780,"Johnstown, PA Metro Area",58658,72165,739,23.476094938105653,0.35860107348049586,0.9674238545206287
310M700US27860,"Jonesboro, AR Metro Area",54205,68060,929,21.116008600469115,0.4911433504388279,0.9173808248527049
310M700US27900,"Joplin, MO-KS Metro Area",49023,66849,928,20.972316780721766,0.4427582017010936,0.8781361119640257
310M700US27980,"Kahului-Wailuku, HI Metro Area",60676,75548,1914,24.239053541375473,0.6344543470352855,0.9585220368938473
310M700US28020,"Kalamazoo-Portage, MI Metro Area",66813,80585,1093,21.72204086301563,0.39638959056941375,0.9526657447952678
310M700US28100,"Kankakee, IL Metro Area",64737,77216,1097,25.296396676589506,0.44927923917442325,0.9434487873054507
310M700US28140,"Kansas City, MO-KS Metro Area",70100,82263,1249,24.13606261513673,0.43507756106810336,0.914895829058426
310M700US28420,"Kennewick-Richland, WA Metro Area",80591,96744,1284,23.203065102716163,0.5272659655944385,0.9042279113533859
310M700US28450,"Kenosha, WI Metro Area",66243,84379,1219,25.56166538305899,0.46657512750098074,0.9426600973425368
310M700US28660,"Killeen-Temple, TX Metro Area",61250,72049,1217,24.50067912310422,0.4927569712053093,0.8653745918180967
310M700US28700,"Kingsport-Bristol, TN-VA Metro Area",53357,69768,849,24.230486432626975,0.4203484469306639,0.9146016459350097
310M700US28740,"Kingston, NY Metro Area",64736,87897,1425,26.680244384175463,0.44304978974680154,0.9305258335056126
310M700US28880,"Kiryas Joel-Poughkeepsie-Newburgh, NY Metro Area",79408,99116,1638,30.661084245624178,0.4932362558122187,0.9565943552834009
310M700US28940,"Knoxville, TN Metro Area",61746,77556,1145,25.43257962330103,0.43799204265352054,0.914930580000065
310M700US29020,"Kokomo, IN Metro Area",63007,70659,937,21.36734784936641,0.41428441856024445,0.9431456348293522
310M700US29100,"La Crosse-Onalaska, WI-MN Metro Area",61823,74284,1027,20.8282808450483,0.39814775850223294,0.9381552045986548
310M700US29180,"Lafayette, LA Metro Area",60518,70171,977,24.604741085489973,0.4454053898972898,0.9212672070017265
310M700US29200,"Lafayette-West Lafayette, IN Metro Area",53977,69706,1107,20.357378230872207,0.4514477658987628,0.9401899086037048
310M700US29340,"Lake Charles, LA Metro Area",56095,62139,1081,22.335087788988638,0.44851079734219274,0.9277481279218899
310M700US29420,"Lake Havasu City-Kingman, AZ Metro Area",51856,71941,1091,20.068515908175595,0.4780348362205916,0.9050620345103036
310M700US29460,"Lakeland-Winter Haven, FL Metro Area",55000,65510,1363,30.476395473692904,0.5113456364061768,0.8759647308341846
310M700US29540,"Lancaster, PA Metro Area",65238,82018,1357,24.47562498209074,0.43671072307548525,0.8880118804125506
310M700US29620,"Lansing-East Lansing, MI Metro Area",64143,80820,1086,22.316167770327777,0.412043200641609,0.9553967256420361
310M700US29700,"Laredo, TX Metro Area",56115,70950,1027,22.447192061684856,0.6900897609852834,0.7267156633798765
310M700US29740,"Las Cruces, NM Metro Area",53494,67254,934,23.1866932685635,0.47630649837966904,0.8867000652268445
310M700US29820,"Las Vegas-Henderson-North Las Vegas, NV Metro Area",61094,83086,1626,26.05469462121468,0.521861196702313,0.8783816445559347
310M700US29940,"Lawrence, KS Metro Area",55954,67601,1099,22.013932531512985,0.439485492845787,0.9183259109480879
310M700US30020,"Lawton, OK Metro Area",52635,65417,965,19.230753092093433,0.4426247848537005,0.8866922839097213
310M700US30140,"Lebanon, PA Metro Area",61347,78840,1110,23.221265751332325,0.4331590253483091,0.909862209298232
310M700US30300,"Lewiston, ID-WA Metro Area",56812,81173,1024,16.878837613438886,0.42912764844363066,0.9286193395417037
310M700US30340,"Lewiston-Auburn, ME Metro Area",57723,74679,1010,25.30782227259371,0.45832781018027574,0.9409848972872379
310M700US30460,"Lexington-Fayette, KY Metro Area",60572,74885,1138,22.79353211089054,0.44926117970444923,0.9351483462470296
310M700US30500,"Lexington Park, MD Metro Area",98008,110847,1750,32.87247918698818,0.43020039568574897,0.9650137633102476
310M700US30620,"Lima, OH Metro Area",61322,77221,922,19.752214354156443,0.43161320542606607,0.941084536581431
310M700US30700,"Lincoln, NE Metro Area",60373,72865,1082,20.250400942523346,0.43564307157528837,0.9408234312682209
310M700US30780,"Little Rock-North Little Rock-Conway, AR Metro Area",60665,75888,1055,24.409817272175278,0.4390669399028035,0.9176281673225603
310M700US30860,"Logan, UT-ID Metro Area",56410,83630,1201,18.974620778908083,0.5276115851181148,0.9295302883057985
310M700US30980,"Longview, TX Metro Area",61392,65612,1060,23.55059139419482,0.4628265751715533,0.8494597440409308
310M700US31020,"Longview-Kelso, WA Metro Area",67127,85871,1206,26.051507245026325,0.48116478282505154,0.9383564097512046
310M700US31080,"Los Angeles-Long Beach-Anaheim, CA Metro Area",76152,102928,2063,30.25839631534636,0.6600932644250802,0.9222711878181911
310M700US31140,"Louisville/Jefferson County, KY-IN Metro Area",63946,79057,1116,24.999011452974024,0.44082890134774616,0.9460980872585812
310M700US31180,"Lubbock, TX Metro Area",61330,70940,1159,18.147569152087815,0.459279307710195,0.8561062062428519
310M700US31340,"Lynchburg, VA Metro Area",52237,62511,991,23.496973399755618,0.4178924339417053,0.9425229984795663
310M700US31420,"Macon-Bibb County, GA Metro Area",55719,75344,1044,25.07056203149909,0.4432522058388109,0.8760596265932515
310M700US31540,"Madison, WI Metro Area",71941,82066,1354,22.62057792243401,0.4548882356876453,0.9627854656406685
310M700US31700,"Manchester-Nashua, NH Metro Area",74885,91700,1623,27.619264133082975,0.44950363438124663,0.9448865317912233
310M700US31740,"Manhattan, KS Metro Area",54857,72878,1063,18.183735266329013,0.41839899174696105,0.933338288980293
310M700US31860,"Mankato, MN Metro Area",59617,80240,1069,17.475119009198,0.4403508403361345,0.9599449921555715
310M700US31900,"Mansfield, OH Metro Area",59538,71230,824,21.926030654863013,0.389746500777605,0.918509591073054
310M700US32420,"Mayagüez, PR Metro Area",25181,38412,504,24.871094522444135,0.4528541859848987,0.9563129639766823
310M700US32580,"McAllen-Edinburg-Mission, TX Metro Area",57186,71200,957,22.64595542518254,0.6324222472395639,0.7175180138322719
310M700US32780,"Medford, OR Metro Area",56083,83231,1358,19.75956575174109,0.4501261885010529,0.9434621311053172
310M700US32820,"Memphis, TN-MS-AR Metro Area",61291,78505,1220,25.412910422820186,0.44768031627979044,0.8898717615163889
310M700US32900,"Merced, CA Metro Area",62307,85284,1343,27.908856476304322,0.6030614436219398,0.9187577743341001
310M700US33100,"Miami-Fort Lauderdale-West Palm Beach, FL Metro Area",58951,79731,1869,30.231053549133215,0.5828720640086791,0.8686566846293428
310M700US33140,"Michigan City-La Porte, IN Metro Area",60607,77847,976,25.078539898132426,0.426841818676831,0.9414711109843841
310M700US33220,"Midland, MI Metro Area",71650,91133,1016,23.384038178707566,0.4043618824142876,0.9576960193003619
310M700US33260,"Midland, TX Metro Area",75637,96119,1400,22.236065847747973,0.5130436534586971,0.8541030710721027
310M700US33340,"Milwaukee-Waukesha, WI Metro Area",70682,86720,1139,23.673819978046104,0.426384843742189,0.9456531709961222
310M700US33460,"Minneapolis-St. Paul-Bloomington, MN-WI Metro Area",77777,93764,1440,24.9481626952276,0.4712029065935972,0.9560972326192541
310M700US33500,"Minot, ND Metro Area",58035,76172,1039,19.74327644866879,0.4188462839266086,0.93461047970066
310M700US33540,"Missoula, MT Metro Area",49842,68750,1184,19.061273422301102,0.4446704663681187,0.9382484489972587
310M700US33660,"Mobile, AL Metro Area",55693,67938,1052,26.513619000166084,0.4272099502849963,0.8958445142049144
310M700US33700,"Modesto, CA Metro Area",70653,103202,1623,28.068642683837254,0.6045629000955884,0.9435770300853541
310M700US33740,"Monroe, LA Metro Area",57639,64477,931,23.685360094451003,0.43548246173469385,0.9262503144366439
310M700US33780,"Monroe, MI Metro Area",70302,83333,1059,27.276482308805903,0.3967029582718834,0.9659025398203147
310M700US33860,"Montgomery, AL Metro Area",56440,75645,1095,25.024099485971988,0.4478256719609041,0.9081048177327748
310M700US34060,"Morgantown, WV Metro Area",59819,77203,967,23.807246740220663,0.4152275516948353,0.9412437665004401
310M700US34100,"Morristown, TN Metro Area",49704,61854,873,26.673009401942807,0.45341374601729634,0.8898128212108463
310M700US34580,"Mount Vernon-Anacortes, WA Metro Area",75870,94429,1536,26.295226056212844,0.547775295244175,0.9357906427877274
310M700US34620,"Muncie, IN Metro Area",51312,71382,906,21.569994778067883,0.4329725894872622,0.9318021520933176
310M700US34740,"Muskegon-Norton Shores, MI Metro Area",60430,76250,1028,22.613496716862812,0.42488796177915344,0.9547420442043623
310M700US34820,"Myrtle Beach-Conway-North Myrtle Beach, SC Metro Area",54170,63575,1255,23.77735909065767,0.45165420094739467,0.8834766048199029
310M700US34900,"Napa, CA Metro Area",86624,108060,2237,25.48874915507489,0.5607757579086116,0.9427154352158473
310M700US34940,"Naples-Marco Island, FL Metro Area",62339,85842,1862,26.92604218074143,0.540372001957905,0.886790833404858
310M700US34980,"Nashville-Davidson--Murfreesboro--Franklin, TN Metro Area",67447,82628,1528,28.763636938425044,0.46718643627162115,0.9051049358433018
310M700US35300,"New Haven, CT Metro Area",73566,93321,1525,24.18565057939746,0.4657872887219532,0.950857354876896
310M700US35380,"New Orleans-Metairie, LA Metro Area",60274,74090,1217,25.315337543422824,0.442806131874152,0.9066984314178268
310M700US35620,"New York-Newark-Jersey City, NY-NJ Metro Area",82236,104385,1830,35.1704255288193,0.5930941280708147,0.935200187943777
310M700US35660,"Niles, MI Metro Area",64648,76615,942,21.33989138484325,0.41991775937428116,0.9361083711448674
310M700US35840,"North Port-Bradenton-Sarasota, FL Metro Area",60004,73298,1747,26.69673978461578,0.4691490685850509,0.8919676915273282
310M700US35980,"Norwich-New London-Willimantic, CT Metro Area",71445,92096,1365,24.722356086612095,0.4378848294456676,0.9528978405346332
310M700US36100,"Ocala, FL Metro Area",52683,60922,1277,27.191860984211544,0.4692926179194486,0.8745941341059983
310M700US36220,"Odessa, TX Metro Area",61551,70680,1259,24.675613507558857,0.5914934239368698,0.7789723155135045
310M700US36260,"Ogden, UT Metro Area",68125,100486,1500,24.101946078107446,0.5040913093677227,0.930189927651774
310M700US36420,"Oklahoma City, OK Metro Area",61160,76482,1124,24.274785279699447,0.46080984576886985,0.8796507508717336
310M700US36500,"Olympia-Lacey-Tumwater, WA Metro Area",68788,92082,1736,26.53785854829684,0.438078725398313,0.9503982048087447
310M700US36540,"Omaha, NE-IA Metro Area",67928,83349,1192,21.760796505759444,0.44189649813117415,0.9311505305724564
310M700US36740,"Orlando-Kissimmee-Sanford, FL Metro Area",57297,77264,1760,29.816637196775925,0.5233174099210626,0.8897813864169902
310M700US36780,"Oshkosh-Neenah, WI Metro Area",63968,79363,965,19.837908190408633,0.40172616176234116,0.9548204079929915
310M700US36980,"Owensboro, KY Metro Area",57185,65167,907,21.183698042089834,0.4611363636363636,0.946411569208659
310M700US37100,"Oxnard-Thousand Oaks-Ventura, CA Metro Area",80077,103435,2317,26.20625246180318,0.6156795642411977,0.9273928466428575
310M700US37140,"Paducah, KY-IL Metro Area",66305,68069,874,20.717606118910187,0.4371755692518404,0.9401794616151545
310M700US37340,"Palm Bay-Melbourne-Titusville, FL Metro Area",63523,91177,1556,26.20836635697065,0.439641929900476,0.9017297532257085
310M700US37460,"Panama City-Panama City Beach, FL Metro Area",58521,73996,1456,25.717106061776487,0.47073856325947105,0.8561306704428927
310M700US37620,"Parkersburg-Vienna, WV Metro Area",56123,73192,818,22.116833431430255,0.3866148899062568,0.937274388850811
310M700US37860,"Pensacola-Ferry Pass-Brent, FL Metro Area",59094,76780,1354,26.619171446044795,0.4418244140132739,0.8886391327250721
310M700US37900,"Peoria, IL Metro Area",64912,83326,955,21.465697596795728,0.39375658922295975,0.9460328776431469
310M700US37980,"Philadelphia-Camden-Wilmington, PA-NJ-DE-MD Metro Area",77450,95960,1480,29.35258820564617,0.45722247125411924,0.947831535654523
310M700US38060,"Phoenix-Mesa-Chandler, AZ Metro Area",71369,88486,1702,27.41264500594444,0.5323847617119988,0.8938266219910018
310M700US38240,"Pinehurst-Southern Pines, NC Metro Area",65130,93157,1254,27.672491332093866,0.409526558891455,0.9238237938267906
310M700US38300,"Pittsburgh, PA Metro Area",67896,85085,1053,26.6823954791633,0.3817584101297375,0.9621915478074501
310M700US38340,"Pittsfield, MA Metro Area",64881,83290,1097,21.74954114694535,0.37435140284031865,0.983261043170537
310M700US38540,"Pocatello, ID Metro Area",52216,76669,960,18.023356566899004,0.44915356061346096,0.9352219844424063
310M700US38660,"Ponce, PR Metro Area",28022,35228,533,25.07438519600682,0.49535567759651106,0.955439593054272
310M700US38860,"Portland-South Portland, ME Metro Area",65086,81428,1485,25.74135419014937,0.4226624245441533,0.9523384412547129
310M700US38900,"Portland-Vancouver-Hillsboro, OR-WA Metro Area",74773,96528,1724,25.92992206148337,0.4978927024996321,0.944613097057215
310M700US38940,"Port St. Lucie, FL Metro Area",58603,71881,1580,29.489524878413768,0.5089204335366981,0.8888501910704784
310M700US39150,"Prescott Valley-Prescott, AZ Metro Area",53036,67240,1351,23.170255532075107,0.4552357843844711,0.8990465967149173
310M700US39300,"Providence-Warwick, RI-MA Metro Area",72411,92128,1307,27.16755134363306,0.4505143239635931,0.9598519614031056
310M700US39340,"Provo-Orem-Lehi, UT Metro Area",62791,97144,1534,23.702612532100304,0.5700782908296674,0.9249826189986585
310M700US39380,"Pueblo, CO Metro Area",57281,73863,1111,22.81707148453703,0.45572289439129615,0.9476567181343324
310M700US39460,"Punta Gorda, FL Metro Area",57130,68623,1464,27.136548856548856,0.42926559836345035,0.9033114397961566
310M700US39540,"Racine-Mount Pleasant, WI Metro Area",70922,80873,1080,24.68795144228529,0.4353362824257,0.9426687933052313
310M700US39580,"Raleigh-Cary, NC Metro Area",78987,94996,1573,27.8495995219646,0.45384512868126486,0.9193436780192802
310M700US39660,"Rapid City, SD Metro Area",54965,77695,1140,20.40853965922021,0.43172881729920565,0.899275701092885
310M700US39740,"Reading, PA Metro Area",67165,84475,1181,25.834122577094313,0.45291544070615325,0.9274734599299724
310M700US39820,"Redding, CA Metro Area",60992,90725,1317,19.82641316584701,0.45996535985002857,0.9353970390309556
310M700US39900,"Reno, NV Metro Area",67509,88158,1592,24.076769082935,0.5411464235230897,0.9018194755576692
310M700US40060,"Richmond, VA Metro Area",70102,86429,1447,25.98034526187235,0.436927596233573,0.9350659820032489
310M700US40140,"Riverside-San Bernardino-Ontario, CA Metro Area",69376,95515,1846,31.830821519535878,0.6370053267074125,0.9213094759691467
310M700US40220,"Roanoke, VA Metro Area",61767,74888,1043,23.384044851025983,0.4265791064992864,0.9360165418287624
310M700US40340,"Rochester, MN Metro Area",71048,92849,1276,21.077404742872368,0.4321269408308853,0.9586321381142098
310M700US40380,"Rochester, NY Metro Area",67451,78581,1143,21.957365039332252,0.4142171913082283,0.9638545473296023
310M700US40420,"Rockford, IL Metro Area",64497,84341,1023,23.8375012845168,0.4324209172440963,0.9392465418209224
310M700US40580,"Rocky Mount, NC Metro Area",57900,72080,920,24.328136755725858,0.47384872487523466,0.8871542922543321
310M700US40660,"Rome, GA Metro Area",53387,71960,1014,24.074774617721772,0.4769684100730144,0.8654803397487658
310M700US40900,"Sacramento-Roseville-Folsom, CA Metro Area",78963,102925,1819,26.8594787279456,0.5579446050288286,0.9549434669086545
310M700US40980,"Saginaw, MI Metro Area",66721,79637,947,22.472195000759132,0.4258604121260155,0.9552728410648194
310M700US41060,"St. Cloud, MN Metro Area",62657,79199,1042,22.127744447618745,0.5026810133586277,0.9537874181361456
310M700US41100,"St. George, UT Metro Area",49478,84615,1566,19.402766874629865,0.5180274858528698,0.888606322870415
310M700US41140,"St. Joseph, MO-KS Metro Area",52624,67192,895,20.260786976890675,0.4036960276338515,0.9028005588967863
310M700US41180,"St. Louis, MO-IL Metro Area",68687,85884,1113,25.77381853564934,0.4174986243620388,0.941924119416875
310M700US41420,"Salem, OR Metro Area",66140,81934,1399,25.140538127511057,0.5403470458635362,0.9215383509652948
310M700US41500,"Salinas, CA Metro Area",73550,96990,2055,25.97075556236809,0.763941980597203,0.9043056653242026
310M700US41540,"Salisbury, MD Metro Area",60908,78905,1274,23.679835235159448,0.47285620467134953,0.9385618932038835
310M700US41620,"Salt Lake City-Murray, UT Metro Area",69345,95867,1583,23.9880941651661,0.49934496715591026,0.9098086743142271
310M700US41660,"San Angelo, TX Metro Area",56481,66104,1155,19.071491144543895,0.4713737269012624,0.8454677221540863
310M700US41700,"San Antonio-New Braunfels, TX Metro Area",65231,81605,1363,27.426506308097526,0.5177051961016548,0.84992597338107
310M700US41740,"San Diego-Chula Vista-Carlsbad, CA Metro Area",80982,107001,2246,26.495534623214095,0.5931535498177172,0.9360035049855778
310M700US41780,"Sandusky, OH Metro Area",61032,80203,932,22.60640956971969,0.39172527111403227,0.9527100054926558
310M700US41860,"San Francisco-Oakland-Fremont, CA Metro Area",101912,140336,2474,31.534568639739238,0.5913939510240037,0.9602377567445028
310M700US41940,"San Jose-Sunnyvale-Santa Clara, CA Metro Area",110133,170367,2840,27.55172964502318,0.6415762870834255,0.9603531738437001
310M700US41980,"San Juan-Bayamón-Caguas, PR Metro Area",32510,46319,623,30.445367967452956,0.46861642851559737,0.9372990614152262
310M700US42020,"San Luis Obispo-Paso Robles, CA Metro Area",73145,97708,1992,22.046639653486096,0.5347356504564396,0.9428740757872522
310M700US42100,"Santa Cruz-Watsonville, CA Metro Area",82243,101290,2264,26.491670196939992,0.6484490842113398,0.9508285555130299
310M700US42140,"Santa Fe, NM Metro Area",54452,81412,1389,24.65116458034065,0.4308026681214045,0.9107198302628855
310M700US42200,"Santa Maria-Santa Barbara, CA Metro Area",78052,98334,2131,21.7577326669758,0.6593844718230804,0.9132288587990011
310M700US42220,"Santa Rosa-Petaluma, CA Metro Area",80301,95166,2158,25.34704858760462,0.5556556022408963,0.9490088867023297
310M700US42340,"Savannah, GA Metro Area",61147,71503,1454,26.68589950206731,0.4279100294985251,0.8834895404684986
310M700US42540,"Scranton--Wilkes-Barre, PA Metro Area",61035,77648,1003,22.90682305234386,0.41813992593464977,0.9418524037722769
310M700US42660,"Seattle-Tacoma-Bellevue, WA Metro Area",90580,120878,2000,29.877052494110735,0.5272574399376193,0.9440211051363331
310M700US42680,"Sebastian-Vero Beach-West Vero Corridor, FL Metro Area",58838,70079,1357,23.625659607401676,0.42218379376464743,0.9000963233556876
310M700US42700,"Sebring, FL Metro Area",51832,59114,1035,23.197034092646383,0.45549481762009175,0.8621765426427805
310M700US43100,"Sheboygan, WI Metro Area",64501,79957,934,18.878494240366216,0.39963973491257754,0.9598899958489
310M700US43300,"Sherman-Denison, TX Metro Area",66574,77293,1310,25.664535466231936,0.4774807933307906,0.8431398779139765
310M700US43340,"Shreveport-Bossier City, LA Metro Area",58537,66252,1014,22.50065933774659,0.4425474645517905,0.9204249748559205
310M700US43420,"Sierra Vista-Douglas, AZ Metro Area",61020,74258,995,23.0027949542419,0.457174487101361,0.9169859298186134
310M700US43580,"Sioux City, IA-NE-SD Metro Area",61568,85007,1002,18.15793126091304,0.4911156555328334,0.9284376746785914
310M700US43620,"Sioux Falls, SD-MN Metro Area",63342,71751,1022,19.43276148121631,0.42475432759535175,0.9294849754725909
310M700US43640,"Slidell-Mandeville-Covington, LA Metro Area",65954,78866,1332,31.562086781582916,0.45704539313699,0.9318779208322024
310M700US43780,"South Bend-Mishawaka, IN-MI Metro Area",57439,72547,1046,22.555303198168254,0.43008242868302665,0.9295543864885705
310M700US43900,"Spartanburg, SC Metro Area",60120,71027,1057,25.779710895113208,0.4725237067303986,0.8928076577148398
310M700US44060,"Spokane-Spokane Valley, WA Metro Area",65888,86875,1264,23.325427864398566,0.4701170940066034,0.9484999140473812
310M700US44100,"Springfield, IL Metro Area",66828,82326,979,20.860020579868046,0.40251939510888834,0.965022263885634
310M700US44140,"Springfield, MA Metro Area",67373,82890,1136,23.52388368570392,0.4595713937237233,0.9695300042970787
310M700US44180,"Springfield, MO Metro Area",55344,66664,972,23.001028647594026,0.41923527216432144,0.8927377835860341
310M700US44220,"Springfield, OH Metro Area",60740,78972,872,23.834583040680346,0.4622009806783025,0.9336285838466496
310M700US44300,"State College, PA Metro Area",57111,79728,1207,20.91660900794043,0.4733225405836956,0.9475629550921429
310M700US44420,"Staunton-Stuarts Draft, VA Metro Area",57610,64389,1068,23.80699683425444,0.40183119922896876,0.9278608786185468
310M700US44700,"Stockton-Lodi, CA Metro Area",76792,96140,1734,30.95279441547809,0.633576217549882,0.9373228761616028
310M700US44940,"Sumter, SC Metro Area",50890,74418,1057,23.82591314887765,0.41268043992973347,0.8948385986577725
310M700US45060,"Syracuse, NY Metro Area",65330,81081,1077,22.14074581980928,0.4056887793827434,0.9648275617972168
310M700US45220,"Tallahassee, FL Metro Area",57004,69045,1252,24.083539074531277,0.4486391741773213,0.9164251448475199
310M700US45300,"Tampa-St. Petersburg-Clearwater, FL Metro Area",64880,82339,1628,28.846692919145227,0.4716434545935779,0.8928260119046162
310M700US45460,"Terre Haute, IN Metro Area",54337,71058,892,23.019995401704243,0.4699864299185794,0.9285397630716942
310M700US45500,"Texarkana, TX-AR Metro Area",56061,70895,950,20.503813923506662,0.4489181540030597,0.879707442994407
310M700US45780,"Toledo, OH Metro Area",61702,79232,939,21.530845672380774,0.41163289385378105,0.9525637712724723
310M700US45820,"Topeka, KS Metro Area",61140,72029,971,21.431427690093056,0.43770473094480566,0.9161316317324621
310M700US45900,"Traverse City, MI Metro Area",61361,71959,1225,23.0510485083485,0.4185341196293176,0.9550459668623071
310M700US45940,"Trenton-Princeton, NJ Metro Area",77459,110346,1623,26.812766201207676,0.5073030525254377,0.9211504582538118
310M700US46060,"Tucson, AZ Metro Area",58412,77730,1212,25.2292734813052,0.4968245525271375,0.9141023813468229
310M700US46140,"Tulsa, OK Metro Area",60902,77914,1078,22.98340986555025,0.4736703983819739,0.8739006446823208
310M700US46220,"Tuscaloosa, AL Metro Area",59951,66330,1005,24.968145678820925,0.4244480984798076,0.9310729072972845
310M700US46300,"Twin Falls, ID Metro Area",52662,62153,1071,19.348116025826346,0.48968493706861543,0.8885037845001147
310M700US46340,"Tyler, TX Metro Area",61947,75266,1238,23.937139942390782,0.4928357575523747,0.8309856206961509
310M700US46520,"Urban Honolulu, HI Metro Area",66654,89405,2083,27.927360605832334,0.6248427684494804,0.9672715544134598
310M700US46540,"Utica-Rome, NY Metro Area",63349,76876,925,22.0250895899165,0.3989419340814608,0.96363771722715
310M700US46660,"Valdosta, GA Metro Area",55976,68802,1025,21.50430544272949,0.4686248629686472,0.8511542796710407
310M700US46700,"Vallejo, CA Metro Area",78970,101345,2163,30.28455680830678,0.5618135075280263,0.951910583812885
310M700US47020,"Victoria, TX Metro Area",58585,64464,1151,22.89929350217572,0.4935006012024048,0.8305304010349288
310M700US47220,"Vineland, NJ Metro Area",61318,73105,1282,26.203829095710464,0.5316467581532307,0.8953349200016508
310M700US47260,"Virginia Beach-Chesapeake-Norfolk, VA-NC Metro Area",65018,85239,1478,25.7447808890837,0.4292500570129835,0.9335399204432447
310M700US47300,"Visalia, CA Metro Area",69550,96518,1280,24.337466814720454,0.6585006891451238,0.9192517402369756
310M700US47380,"Waco, TX Metro Area",62319,82923,1151,22.00368130317326,0.4675996591582691,0.8547419981420488
310M700US47460,"Walla Walla, WA Metro Area",72011,82486,1218,16.137398441044255,0.44592619656558274,0.9305043361118127
310M700US47580,"Warner Robins, GA Metro Area",62173,78523,1167,23.35725941011925,0.43994597148609227,0.8955895402722353
310M700US47900,"Washington-Arlington-Alexandria, DC-VA-MD-WV Metro Area",90597,120292,2027,33.07874212893433,0.5219008616690634,0.926208527386554
310M700US47930,"Waterbury-Shelton, CT Metro Area",72363,91079,1330,28.028648119042273,0.48063656426553675,0.95181491308773
310M700US47940,"Waterloo-Cedar Falls, IA Metro Area",60639,76530,977,17.957773325179875,0.4370574219118618,0.9545080613684811
310M700US48060,"Watertown-Fort Drum, NY Metro Area",59933,77285,1213,19.831622790410332,0.4311846859366315,0.9451530735779798
310M700US48140,"Wausau, WI Metro Area",62021,74903,999,19.85516818189158,0.39477252135645874,0.9416891153986167
310M700US48260,"Weirton-Steubenville, WV-OH Metro Area",53301,65797,785,25.088896269235025,0.3769553968369652,0.9436383830192339
310M700US48300,"Wenatchee-East Wenatchee, WA Metro Area",68992,100400,1251,20.6942380444272,0.5347043429497165,0.8847021350558218
310M700US48540,"Wheeling, WV-OH Metro Area",54498,68962,812,23.821772377215925,0.36835474616440067,0.9460182407568327
310M700US48620,"Wichita, KS Metro Area",61284,71371,987,20.783498674585303,0.43711939927170745,0.8983271979550128
310M700US48660,"Wichita Falls, TX Metro Area",60635,77955,995,17.082731765763068,0.4662635943785071,0.8437718633395522
310M700US48680,"Wildwood-The Villages, FL Metro Area",53444,39470,1269,29.3045862952405,0.43169382602708284,0.9482377393534692
310M700US48700,"Williamsport, PA Metro Area",56133,78894,913,20.96260843869388,0.39317513461272946,0.9481494192662705
310M700US48900,"Wilmington, NC Metro Area",59922,75533,1389,24.128357802691347,0.4337336036036035,0.9120134835669028
310M700US49020,"Winchester, VA-WV Metro Area",70599,81476,1358,29.824418431131967,0.4419631881783706,0.9245120511217615
310M700US49180,"Winston-Salem, NC Metro Area",59435,79110,1016,24.576823071410306,0.4351079754318441,0.9039806139028268
310M700US49340,"Worcester, MA Metro Area",75301,95279,1426,29.426985262632996,0.4597503698546689,0.9747811736440347
310M700US49420,"Yakima, WA Metro Area",65970,93469,1109,20.99594812796448,0.5816224898398279,0.8725105695393328
310M700US49620,"York-Hanover, PA Metro Area",70264,84879,1193,26.98592825820293,0.44114097162410665,0.9518777448744172
310M700US49660,"Youngstown-Warren, OH Metro Area",58437,71752,795,23.14539700908489,0.3845968189897794,0.9407420654791712
310M700US49700,"Yuba City, CA Metro Area",69355,91451,1386,29.568467028421598,0.5646015517832648,0.9360081316250963
310M700US49740,"Yuma, AZ Metro Area",60997,70730,993,21.927654822335025,0.7368616212930398,0.8599821658575251
