"GEO_ID","NAME","B08303_001E","B08303_001M","B08303_002E","B08303_002M","B08303_003E","B08303_003M","B08303_004E","B08303_004M","B08303_005E","B08303_005M","B08303_006E","B08303_006M","B08303_007E","B08303_007M","B08303_008E","B08303_008M","B08303_009E","B08303_009M","B08303_010E","B08303_010M","B08303_011E","B08303_011M","B08303_012E","B08303_012M","B08303_013E","B08303_013M",
"Geography","Geographic Area Name","Estimate!!Total:","Margin of Error!!Total:","Estimate!!Total:!!Less than 5 minutes","Margin of Error!!Total:!!Less than 5 minutes","Estimate!!Total:!!5 to 9 minutes","Margin of Error!!Total:!!5 to 9 minutes","Estimate!!Total:!!10 to 14 minutes","Margin of Error!!Total:!!10 to 14 minutes","Estimate!!Total:!!15 to 19 minutes","Margin of Error!!Total:!!15 to 19 minutes","Estimate!!Total:!!20 to 24 minutes","Margin of Error!!Total:!!20 to 24 minutes","Estimate!!Total:!!25 to 29 minutes","Margin of Error!!Total:!!25 to 29 minutes","Estimate!!Total:!!30 to 34 minutes","Margin of Error!!Total:!!30 to 34 minutes","Estimate!!Total:!!35 to 39 minutes","Margin of Error!!Total:!!35 to 39 minutes","Estimate!!Total:!!40 to 44 minutes","Margin of Error!!Total:!!40 to 44 minutes","Estimate!!Total:!!45 to 59 minutes","Margin of Error!!Total:!!45 to 59 minutes","Estimate!!Total:!!60 to 89 minutes","Margin of Error!!Total:!!60 to 89 minutes","Estimate!!Total:!!90 or more minutes","Margin of Error!!Total:!!90 or more minutes",
"310M700US10180","Abilene, TX Metro Area","77151","1902","2968","404","13936","1025","17577","1354","16367","1074","12197","1030","3497","525","4201","489","589","178","932","329","1883","379","1506","331","1498","327",
"310M700US10380","Aguadilla, PR Metro Area","72233","2148","2973","590","9036","1007","9512","871","12831","1029","10915","1065","5492","714","6354","780","3597","653","1791","405","4604","679","2960","604","2168","412",
"310M700US10420","Akron, OH Metro Area","293676","3352","7405","723","30825","1697","45517","1845","49907","1793","44496","1599","25267","1381","35051","1394","12078","892","11213","797","19832","1191","7388","633","4697","564",
"310M700US10500","Albany, GA Metro Area","54645","1203","2191","484","5849","563","9205","860","11933","892","8806","777","2581","404","5819","648","1037","268","1161","323","3154","517","1690","340","1219","360",
"310M700US10540","Albany, OR Metro Area","51401","1283","2936","499","6763","909","7301","746","5886","610","5425","561","4920","602","6812","648","1701","369","1902","407","3914","454","2056","349","1785","461",
"310M700US10580","Albany-Schenectady-Troy, NY Metro Area","377846","3733","10069","827","36319","1538","57433","1953","65458","2467","62436","1910","32899","1279","48549","1489","12180","804","13834","1007","21790","1016","10457","785","6422","741",
"310M700US10740","Albuquerque, NM Metro Area","363427","3968","8179","890","32647","1644","49274","2462","63791","2274","62961","2563","28256","1566","53147","2229","9899","935","11648","1006","21264","1327","14057","969","8304","922",
"310M700US10780","Alexandria, LA Metro Area","58647","1489","2248","513","7897","973","11644","984","11531","915","8569","863","3304","520","5660","562","1055","244","816","227","2277","382","1399","356","2247","424",
"310M700US10900","Allentown-Bethlehem-Easton, PA-NJ Metro Area","368081","3209","11066","883","33438","1577","46730","1773","58230","1752","58232","1979","27283","1439","45391","2015","12259","862","12657","921","25566","1275","22488","1216","14741","1164",
"310M700US11020","Altoona, PA Metro Area","51021","920","2930","414","8423","633","9390","727","8834","598","7025","594","3099","417","4339","495","1139","238","1255","280","2639","334","881","180","1067","221",
"310M700US11100","Amarillo, TX Metro Area","119332","1710","4172","597","14166","1006","23768","1294","31330","1494","17477","989","5077","678","10282","875","1507","327","1383","319","3440","478","4166","636","2564","360",
"310M700US11180","Ames, IA Metro Area","59647","1175","3273","431","11813","804","12540","774","10130","816","6065","573","3222","458","4604","507","1371","264","2140","409","2718","391","1034","233","737","185",
"310M700US11200","Amherst Town-Northampton, MA Metro Area","65350","1414","2294","288","8174","860","9928","771","9377","1006","9056","807","5524","770","8978","756","2462","531","2689","395","4137","513","1598","305","1133","262",
"310M700US11260","Anchorage, AK Metro Area","175915","2289","5335","661","20328","1619","34298","1550","37670","1680","28295","1437","9052","917","14848","970","2672","511","2980","448","8442","742","7433","573","4562","456",
"310M700US11460","Ann Arbor, MI Metro Area","141402","1811","3307","440","12225","950","20243","1118","27522","1368","24841","1298","11399","826","16801","1051","4413","600","4541","423","9116","734","4932","503","2062","355",
"310M700US11500","Anniston-Oxford, AL Metro Area","46027","1301","1375","330","4942","682","5997","719","8880","967","6753","705","2808","465","6269","610","1383","298","1165","292","2950","444","2165","436","1340","330",
"310M700US11540","Appleton, WI Metro Area","114254","1503","4678","463","14931","889","20820","1176","21601","1033","18948","990","7749","653","11689","749","3542","473","2509","344","3755","393","2011","296","2021","276",
"310M700US11640","Arecibo, PR Metro Area","55492","1607","1114","321","2528","487","5879","802","7435","815","16187","1298","4173","591","7597","919","1452","392","2063","379","2046","450","2427","520","2591","525",
"310M700US11700","Asheville, NC Metro Area","162962","3017","3659","509","14609","1074","23668","1344","32382","1597","35663","2369","11442","940","19662","1433","3973","543","4243","577","6801","667","5034","782","1826","399",
"310M700US12020","Athens-Clarke County, GA Metro Area","92238","1710","2344","456","10101","1004","15264","1262","19864","1027","14530","1166","5873","679","8354","844","2161","394","2487","449","4537","595","3982","626","2741","477",
"310M700US12060","Atlanta-Sandy Springs-Roswell, GA Metro Area","2464155","12600","42123","2363","140819","3539","244665","5239","318080","6087","329088","5902","169185","4381","395401","6050","104577","2892","127854","3537","294851","5598","219618","4886","77894","2708",
"310M700US12100","Atlantic City-Hammonton, NJ Metro Area","153787","2409","4916","656","17321","1250","22910","1429","25045","1267","25842","1488","11886","1021","19212","1268","3523","435","4292","623","7823","767","6485","622","4532","534",
"310M700US12220","Auburn-Opelika, AL Metro Area","82897","2083","1874","401","9403","852","14945","1175","15935","969","11927","1114","5623","750","10441","949","2044","441","2076","406","4820","649","2443","335","1366","307",
"310M700US12260","Augusta-Richmond County, GA-SC Metro Area","252398","3593","5811","763","23278","1570","35648","1790","44076","2040","41381","2292","21590","1541","35543","2059","7712","903","6866","754","18258","1201","8569","923","3666","559",
"310M700US12420","Austin-Round Rock-San Marcos, TX Metro Area","963018","7015","20488","1636","69320","2437","116592","3714","147603","4194","139229","3641","68387","3006","152612","4151","37768","2027","43877","2682","92840","3364","55941","2573","18361","1251",
"310M700US12540","Bakersfield-Delano, CA Metro Area","329952","3554","7832","896","31871","1700","49410","1898","67533","2314","59446","2614","23419","1527","39500","1865","5544","548","7799","816","13677","995","12183","973","11738","1090",
"310M700US12580","Baltimore-Columbia-Towson, MD Metro Area","1175726","6550","21423","1428","77899","2569","125093","3481","162816","3584","171386","4036","86432","2369","184778","4187","44348","1984","57759","2136","122384","3239","84470","2426","36938","2023",
"310M700US12620","Bangor, ME Metro Area","65298","1422","3249","471","9332","687","11326","912","11152","795","8649","728","3831","533","6613","663","1504","268","1969","308","3508","482","2572","398","1593","276",
"310M700US12700","Barnstable Town, MA Metro Area","92255","1826","3053","378","12927","944","16038","1136","14977","984","13436","1121","4888","702","9953","1003","2360","401","2925","434","3939","517","3650","504","4109","738",
"310M700US12940","Baton Rouge, LA Metro Area","363080","3519","7701","774","28433","1920","46730","2405","55753","2114","51937","2084","26407","1664","58605","2504","10570","1065","13032","1206","33207","2038","20870","1584","9835","1071",
"310M700US12980","Battle Creek, MI Metro Area","53532","870","2480","383","7652","577","10652","716","9920","657","7281","679","2987","333","5549","549","1180","209","1214","219","2355","245","1314","271","948","214",
"310M700US13020","Bay City, MI Metro Area","43500","1022","1520","280","5728","682","7422","633","6989","758","5836","495","3629","449","5157","516","1598","274","1289","327","1914","390","1327","307","1091","233",
"310M700US13140","Beaumont-Port Arthur, TX Metro Area","157896","2015","4243","564","16567","1115","23139","1406","29027","1481","28001","1494","8836","941","23725","1426","3581","541","3192","458","8347","887","5654","780","3584","519",
"310M700US13220","Beckley, WV Metro Area","38134","1410","822","249","4945","659","5307","583","6469","625","6096","906","2126","533","4352","624","799","243","695","212","2564","519","2677","482","1282","288",
"310M700US13380","Bellingham, WA Metro Area","96772","2080","3861","670","12517","960","18472","1221","18792","1379","13395","1274","6825","776","10219","851","1964","389","1942","371","3921","562","2746","498","2118","364",
"310M700US13460","Bend, OR Metro Area","98159","2070","4579","659","16381","1144","18910","1450","16502","1041","11159","967","6347","933","10808","963","2744","492","1906","338","4624","641","2424","355","1775","462",
"310M700US13740","Billings, MT Metro Area","85941","1548","3758","625","12221","986","16684","1053","19969","1121","13174","1153","4901","662","7219","652","1073","252","1170","210","2123","314","1780","314","1869","324",
"310M700US13780","Binghamton, NY Metro Area","95556","1638","4504","639","12954","767","19869","1213","19185","883","13870","901","5694","625","7961","704","1695","326","2106","313","3405","399","2617","441","1696","292",
"310M700US13820","Birmingham, AL Metro Area","481528","4355","11267","1026","33019","1755","53872","2322","68748","2175","80331","2654","37561","2089","79714","2640","19623","1341","19227","1251","45281","2183","23648","1569","9237","1010",
"310M700US13900","Bismarck, ND Metro Area","64022","1172","2400","392","10156","769","16572","1165","15806","1098","8479","860","1971","377","3048","498","486","150","771","225","1450","298","1512","323","1371","328",
"310M700US13980","Blacksburg-Christiansburg-Radford, VA Metro Area","75032","1444","3193","569","10710","779","14297","938","13820","903","9388","826","4403","522","7039","771","1696","294","2341","431","4691","699","2583","365","871","232",
"310M700US14010","Bloomington, IL Metro Area","70718","1318","3256","441","12084","993","17439","1014","15033","923","8298","631","2887","415","4386","533","1252","299","1080","251","2247","373","1722","363","1034","191",
"310M700US14020","Bloomington, IN Metro Area","67359","1513","2076","437","8796","699","13475","878","15161","1037","8995","659","3399","506","5374","649","1571","278","1505","314","2568","402","3045","517","1394","312",
"310M700US14260","Boise City, ID Metro Area","331575","3395","10711","945","33003","1633","47827","1865","59053","2251","57661","2112","25484","1528","45822","1718","10894","1088","9247","856","18888","1397","7648","857","5337","655",
"310M700US14460","Boston-Cambridge-Newton, MA-NH Metro Area","2082780","8037","43634","1593","151778","3284","223401","4511","257778","4548","265449","4166","139884","3740","314818","5169","82793","2285","113879","2636","229023","3875","196224","3906","64119","2296",
"310M700US14500","Boulder, CO Metro Area","120174","2389","3057","462","15855","1184","20817","1137","22007","1478","16704","1180","7556","731","14315","882","3111","497","2711","347","7630","673","4680","518","1731","459",
"310M700US14540","Bowling Green, KY Metro Area","80616","1767","3272","629","10310","911","13621","1171","16402","1202","13041","1100","4500","651","7493","755","2248","351","1766","342","3325","444","2750","561","1888","370",
"310M700US14580","Bozeman, MT Metro Area","59351","1290","3112","489","9437","886","12467","918","12468","1081","8938","925","3599","569","4048","523","477","187","613","197","1715","385","1772","397","705","207",
"310M700US14740","Bremerton-Silverdale-Port Orchard, WA Metro Area","111753","1601","2536","387","10695","910","16582","1251","18824","1418","15783","1118","8379","669","12687","901","2517","472","3332","513","7360","730","6249","578","6809","628",
"310M700US14860","Bridgeport-Stamford-Danbury, CT Metro Area","387621","4549","8741","883","32945","1669","53182","2387","56193","1880","50380","2056","22153","1449","46681","1958","10817","964","15627","1314","31571","1491","35275","1635","24056","1363",
"310M700US15180","Brownsville-Harlingen, TX Metro Area","156572","2082","4317","598","14852","992","29048","1769","30136","1500","32567","1619","9141","850","17713","1429","2559","473","3873","694","6584","688","3644","489","2138","466",
"310M700US15260","Brunswick-St. Simons, GA Metro Area","44875","1444","1285","288","5732","811","6491","767","7765","736","7375","728","3128","616","4642","577","1243","313","1206","318","3342","530","2107","354","559","223",
"310M700US15380","Buffalo-Cheektowaga, NY Metro Area","482067","3980","16252","1157","56851","1978","73660","2284","90380","2389","83383","2700","42913","1737","58300","2124","13338","814","11986","942","18526","1282","9818","785","6660","665",
"310M700US15500","Burlington, NC Metro Area","74015","1483","2200","447","6711","707","9632","764","12266","1069","9558","873","6188","793","8709","700","3417","464","3943","561","7359","965","2536","434","1496","342",
"310M700US15540","Burlington-South Burlington, VT Metro Area","101483","1592","3940","530","12047","838","15921","1045","15684","966","15642","1001","7624","549","12544","832","3611","454","4290","506","5537","562","3342","487","1301","260",
"310M700US15940","Canton-Massillon, OH Metro Area","166372","2183","6755","665","20283","1081","28092","1385","28768","1220","24773","1233","12515","919","17352","924","6046","430","4858","616","8445","659","5864","569","2621","363",
"310M700US15980","Cape Coral-Fort Myers, FL Metro Area","296607","3677","5369","712","18943","1494","31533","1759","39218","1831","43215","2168","20862","1188","49897","2148","12134","1126","15193","1295","31572","1551","20409","1625","8262","939",
"310M700US16020","Cape Girardeau, MO-IL Metro Area","43850","1157","2207","406","6978","687","7528","701","7454","716","6227","706","2481","428","4319","561","1282","340","1119","269","2051","303","1390","281","814","187",
"310M700US16180","Carson City, NV Metro Area","23715","691","685","170","4456","546","4920","576","4083","591","2087","454","839","275","2701","434","896","315","680","203","1093","270","1030","311","245","102",
"310M700US16220","Casper, WY Metro Area","35807","905","2009","422","5747","596","9808","740","8900","804","3815","512","877","228","1441","336","184","133","191","93","939","246","537","157","1359","338",
"310M700US16300","Cedar Rapids, IA Metro Area","121298","1511","5470","547","17682","1052","23607","1272","23927","1083","16683","1015","8238","817","10058","798","2951","421","2611","310","4965","615","3477","478","1629","310",
"310M700US16540","Chambersburg, PA Metro Area","66525","1377","3662","578","7215","804","9988","754","9687","669","9590","742","5576","733","7966","624","1956","316","2265","385","4257","584","2780","533","1583","342",
"310M700US16580","Champaign-Urbana, IL Metro Area","97045","1631","4044","540","13728","907","24492","1396","20739","1203","13020","742","5236","535","7659","736","1559","244","1181","206","2751","420","1572","276","1064","230",
"310M700US16620","Charleston, WV Metro Area","77327","1614","2603","434","8269","745","12115","764","15443","1084","12807","1063","4927","585","8633","848","1854","380","1758","355","4269","523","2769","375","1880","340",
"310M700US16700","Charleston-North Charleston, SC Metro Area","358180","3857","6415","774","26127","1833","40557","2043","51579","2185","54215","2379","28700","1672","57659","2393","13449","1221","15469","1285","34801","1951","21343","1714","7866","896",
"310M700US16740","Charlotte-Concord-Gastonia, NC-SC Metro Area","1097656","6802","24429","1593","82388","2845","130639","3194","171591","3554","160825","3246","92759","2777","169896","3673","45178","1822","45840","1901","102176","2958","51085","2236","20850","1252",
"310M700US16820","Charlottesville, VA Metro Area","86907","1605","1980","387","7794","701","15361","990","14781","972","11717","842","6688","707","11995","790","3109","519","3122","480","6102","697","3080","477","1178","266",
"310M700US16860","Chattanooga, TN-GA Metro Area","235613","2491","5943","630","20442","1264","31692","1708","42096","1907","39906","1908","19531","1290","36528","1738","8112","826","7149","700","13658","965","6153","686","4403","607",
"310M700US16940","Cheyenne, WY Metro Area","46278","968","2122","372","7859","722","13036","870","11968","911","4211","462","963","249","2238","387","360","181","267","139","1288","286","1009","272","957","306",
"310M700US16980","Chicago-Naperville-Elgin, IL-IN Metro Area","3818069","11903","75914","2621","270265","4048","395308","5740","468305","5275","488200","6662","265753","5262","592883","6791","155376","3668","210540","4153","449233","4841","339248","5271","107044","2866",
"310M700US17020","Chico, CA Metro Area","79021","1285","3700","522","14536","1036","18501","1186","13427","1001","6893","845","3057","503","7740","786","1868","423","1599","278","3263","426","2262","409","2175","406",
"310M700US17140","Cincinnati, OH-KY-IN Metro Area","950029","6026","23556","1308","78863","2234","123473","3141","153344","3283","156807","3334","86217","2515","141033","3338","40339","1739","37540","1784","62063","2106","30427","1376","16367","1496",
"310M700US17300","Clarksville, TN-KY Metro Area","141770","2105","4452","650","14814","1223","20588","1576","22517","1372","22812","1415","9702","993","14991","1124","3197","547","2930","533","11110","1246","10249","883","4408","703",
"310M700US17410","Cleveland, OH Metro Area","894510","5321","25065","1286","83426","2532","121373","2790","140157","2486","148096","2849","81942","2391","132102","2573","35311","1488","34482","1495","53779","1873","23360","1257","15417","1155",
"310M700US17420","Cleveland, TN Metro Area","52765","1278","1428","388","5835","664","8241","682","9480","820","6544","748","3541","434","6828","662","1954","356","2226","421","3633","570","1985","382","1070","290",
"310M700US17660","Coeur d'Alene, ID Metro Area","71120","1659","2768","636","8724","893","12028","998","13304","1120","10605","919","3811","550","7162","706","2088","381","2132","353","4812","630","2382","457","1304","364",
"310M700US17780","College Station-Bryan, TX Metro Area","117466","2081","3894","642","14887","1115","26391","1397","29758","1330","15836","1196","4860","551","10355","794","1479","276","1522","290","3833","591","2435","448","2216","344",
"310M700US17820","Colorado Springs, CO Metro Area","324155","2682","8837","745","30367","1525","46806","2130","58520","2125","57405","2356","27430","1539","44772","1979","8883","980","7993","601","14568","1019","12059","933","6515","770",
"310M700US17860","Columbia, MO Metro Area","98983","1554","3537","539","13589","1104","20217","1196","22512","1479","15835","890","5043","612","7721","662","1799","324","2121","328","3078","436","1830","327","1701","398",
"310M700US17900","Columbia, SC Metro Area","356585","3378","12506","1150","32110","1675","44901","2066","57002","1835","58892","2097","27497","1423","54215","2264","12316","1007","12101","833","25373","1404","11340","852","8332","854",
"310M700US17980","Columbus, GA-AL Metro Area","125244","2003","4956","732","12619","1133","18981","1348","25972","1396","21279","1463","9029","860","13998","1246","2246","528","3510","544","6207","647","3422","561","3025","603",
"310M700US18020","Columbus, IN Metro Area","35537","1115","1443","333","4970","557","6657","687","7132","724","4509","574","2587","584","3067","434","899","263","566","149","1585","311","1549","369","573","192",
"310M700US18140","Columbus, OH Metro Area","890206","5441","23083","1477","82094","2739","121783","3558","146506","2995","161367","3162","85384","2557","117166","3323","32715","1551","31104","1639","49459","1890","26581","1281","12964","1041",
"310M700US18580","Corpus Christi, TX Metro Area","187835","2377","4656","712","21055","1256","31780","1496","45940","1818","32985","1642","10773","1075","18540","1298","2895","404","2818","466","6971","834","5215","680","4207","679",
"310M700US18700","Corvallis, OR Metro Area","36649","1206","1423","301","6625","626","8906","788","6443","575","4052","458","1609","312","3026","468","526","168","828","227","1467","335","1127","240","617","250",
"310M700US18880","Crestview-Fort Walton Beach-Destin, FL Metro Area","127731","1951","3941","624","14610","1409","16669","1222","18602","1219","15880","1203","8497","934","15507","1281","4661","655","5044","665","12321","1150","8589","813","3410","602",
"310M700US19100","Dallas-Fort Worth-Arlington, TX Metro Area","3313866","11694","69226","2553","233009","5238","375529","7166","464467","6979","478124","6496","236131","5038","560492","7265","127313","3952","156644","3856","336621","5333","210407","4382","65903","2515",
"310M700US19140","Dalton, GA Metro Area","63588","1359","1319","358","4653","725","8031","986","11115","1057","14377","1049","5672","757","8890","862","1142","285","1385","316","4372","563","1582","291","1050","284",
"310M700US19300","Daphne-Fairhope-Foley, AL Metro Area","99432","2168","2377","813","9586","905","12083","1068","14664","1462","13778","1295","6922","937","15054","1644","2617","589","3976","698","10170","1037","6140","867","2065","458",
"310M700US19340","Davenport-Moline-Rock Island, IA-IL Metro Area","163216","1826","7519","720","21917","1079","25541","1103","34009","1366","27511","1111","14241","915","13285","796","3761","423","2682","296","6177","516","4045","584","2528","422",
"310M700US19430","Dayton-Kettering-Beavercreek, OH Metro Area","341458","3331","9531","821","38871","1504","55577","1987","66513","1838","58017","2177","29530","1571","36433","1483","9366","845","8863","747","14006","1125","9489","796","5262","490",
"310M700US19460","Decatur, AL Metro Area","64203","1400","1478","264","5750","658","8408","917","8770","818","8732","735","4658","626","10382","833","3187","526","3076","527","6457","712","2280","391","1025","279",
"310M700US19500","Decatur, IL Metro Area","39588","725","1097","237","5218","546","9268","770","9648","802","6203","518","1840","308","2048","339","407","168","519","139","1859","345","875","189","606","197",
"310M700US19660","Deltona-Daytona Beach-Ormond Beach, FL Metro Area","257637","2815","5867","756","22993","1322","34046","1867","43422","1950","36020","1770","16839","1320","34023","2024","8602","862","9612","1002","20144","1510","18466","1441","7603","776",
"310M700US19740","Denver-Aurora-Centennial, CO Metro Area","1256847","5668","23612","1465","89505","2388","136448","3061","182556","3005","197425","3320","100704","3050","222000","4263","52624","2182","57884","2189","110423","2670","61170","2053","22496","1422",
"310M700US19780","Des Moines-West Des Moines, IA Metro Area","321011","2595","11536","922","37132","1698","52111","2025","60736","2057","58620","1850","27640","1468","36414","1647","6565","573","7063","704","13179","991","5812","582","4203","575",
"310M700US19820","Detroit-Warren-Dearborn, MI Metro Area","1707586","8602","36729","1656","138190","3040","214007","4587","253854","4747","263368","4159","142093","3466","259483","4551","73739","2234","77564","2369","143128","3444","76928","2203","28503","1215",
"310M700US20020","Dothan, AL Metro Area","62499","929","1996","307","7414","488","9019","522","11844","682","9888","594","3810","342","7971","524","1613","255","1627","262","3917","382","1963","283","1437","245",
"310M700US20100","Dover, DE Metro Area","78335","1562","1955","384","8614","807","12020","1137","12104","971","11136","933","4875","604","8566","932","1651","330","2838","524","6183","699","6022","813","2371","501",
"310M700US20220","Dubuque, IA Metro Area","44345","971","2674","340","8362","639","12027","841","8837","689","4748","506","1878","288","2903","347","496","139","433","149","550","143","729","153","708","165",
"310M700US20260","Duluth, MN-WI Metro Area","119772","1216","6095","550","19024","1006","22183","993","22236","900","15098","764","8173","571","11546","549","2615","243","2915","310","4591","352","3215","299","2081","224",
"310M700US20500","Durham-Chapel Hill, NC Metro Area","232103","3272","4973","668","19836","1324","34086","1941","43588","2187","37192","1984","19673","1588","30268","1705","7705","764","7701","750","14050","1241","9481","965","3550","630",
"310M700US20580","Eagle Pass, TX Metro Area","20861","1065","988","321","3230","667","3763","524","5176","798","3183","530","727","306","1385","423","131","97","167","100","612","206","745","276","754","304",
"310M700US20740","Eau Claire, WI Metro Area","79652","1241","3274","433","13288","960","17512","1021","15037","963","10202","642","5057","445","6798","586","1297","210","1538","289","2416","353","1433","204","1800","325",
"310M700US20940","El Centro, CA Metro Area","56531","1672","2280","494","8404","1002","10141","1031","10253","1085","8366","862","3279","618","6808","799","851","265","1211","358","1610","389","1528","316","1800","403",
"310M700US21060","Elizabethtown, KY Metro Area","52174","1394","1657","304","7384","720","8582","772","8427","712","6770","745","3610","495","5756","594","1557","360","1355","293","3856","590","2571","377","649","199",
"310M700US21140","Elkhart-Goshen, IN Metro Area","91646","1603","3216","447","12883","1162","16842","1237","18078","1070","13999","1140","5800","696","10620","903","2854","449","2142","370","2777","412","1415","323","1020","293",
"310M700US21300","Elmira, NY Metro Area","32339","680","1859","353","5512","540","5858","516","6096","552","4464","479","2164","329","2478","348","314","99","550","161","1435","241","934","214","675","179",
"310M700US21340","El Paso, TX Metro Area","353835","4087","7170","852","27590","1506","45567","2522","65681","2405","63580","2840","31940","1776","57603","2323","9390","1073","12571","1234","18161","1408","8091","938","6491","795",
"310M700US21420","Enid, OK Metro Area","27217","565","1801","423","5768","600","6999","723","5438","577","2908","380","643","171","1171","288","273","113","100","57","772","269","750","219","594","188",
"310M700US21500","Erie, PA Metro Area","110024","1971","4006","419","15872","1117","21425","1163","20894","1240","17723","1059","7619","719","10880","832","2514","404","2517","510","3421","483","1743","297","1410","295",
"310M700US21660","Eugene-Springfield, OR Metro Area","152079","2237","6013","867","19465","1063","31067","1615","33388","1582","24450","1099","8954","834","12459","987","2643","405","1970","375","4513","524","4204","592","2953","510",
"310M700US21780","Evansville, IN Metro Area","121862","1551","4296","532","16548","971","22472","1142","22425","1322","19559","1115","8623","763","11405","875","3642","507","3136","407","5319","572","2430","431","2007","368",
"310M700US21820","Fairbanks-College, AK Metro Area","45028","1356","2292","744","6037","847","8639","796","9946","1099","7289","675","2982","578","4102","720","487","190","866","308","869","261","729","302","790","280",
"310M700US22020","Fargo, ND-MN Metro Area","129703","1432","4983","576","19212","1336","32815","1551","33446","1431","17476","1148","5348","588","6548","591","1087","210","1463","395","3218","590","2215","429","1892","420",
"310M700US22140","Farmington, NM Metro Area","42626","1138","1910","562","5667","594","6730","699","6553","613","6119","716","1910","367","5778","689","520","152","956","236","2810","376","2460","377","1213","252",
"310M700US22180","Fayetteville, NC Metro Area","165120","1869","8998","611","17879","907","21614","1073","31183","1243","27881","1220","12419","887","21118","1007","3905","383","4291","529","7498","722","4725","543","3609","421",
"310M700US22220","Fayetteville-Springdale-Rogers, AR Metro Area","246258","2872","8315","1101","25094","1604","42124","1883","47511","1965","41589","1884","19913","1254","27716","1610","6882","666","6593","737","11751","874","5499","737","3271","533",
"310M700US22380","Flagstaff, AZ Metro Area","60009","1111","3948","641","10183","851","14277","1169","11246","1015","7345","771","2544","574","3689","519","524","246","1129","308","1963","343","1775","273","1386","262",
"310M700US22420","Flint, MI Metro Area","154243","2365","4199","612","15579","1290","22706","1192","24476","1409","24002","1159","9190","776","14819","834","4793","649","4453","594","13555","1075","12081","871","4390","552",
"310M700US22500","Florence, SC Metro Area","78587","1580","2124","381","8231","823","14673","1114","16020","1111","12960","994","3902","463","8393","798","2069","409","2023","405","4495","596","2108","385","1589","353",
"310M700US22520","Florence-Muscle Shoals, AL Metro Area","64443","1381","2308","503","7481","881","10399","909","11869","1189","9204","875","4124","605","6113","715","1450","413","1780","402","3304","481","4705","728","1706","394",
"310M700US22540","Fond du Lac, WI Metro Area","47396","889","2361","289","8363","589","8576","592","7883","674","5767","564","2576","313","4024","330","1451","302","1384","388","2423","361","1653","296","935","207",
"310M700US22660","Fort Collins-Loveland, CO Metro Area","151960","2492","3810","627","17499","1282","25780","1403","29026","1602","24302","1374","9045","794","15748","1223","3564","532","3298","478","9703","867","6865","636","3320","516",
"310M700US22900","Fort Smith, AR-OK Metro Area","91680","1509","2845","414","11773","888","17531","1059","16508","1036","14712","915","6047","644","9893","774","1908","322","2003","327","4487","552","2430","343","1543","287",
"310M700US23060","Fort Wayne, IN Metro Area","200563","2391","6125","573","21714","1308","29921","1359","39515","1573","37986","1624","18337","931","23131","1392","4219","451","4289","426","6783","712","4406","524","4137","557",
"310M700US23420","Fresno, CA Metro Area","431773","4472","11155","1152","44843","2032","59224","2030","78882","2693","78109","2457","30483","1548","60504","2171","8896","961","11755","1072","22023","1385","15599","1182","10300","1109",
"310M700US23460","Gadsden, AL Metro Area","40988","1095","943","258","3976","495","6820","738","7731","666","5691","628","2635","459","4546","737","1045","274","968","233","3291","579","2257","409","1085","265",
"310M700US23540","Gainesville, FL Metro Area","138892","2317","4141","645","12737","1161","20570","1232","25067","1485","25820","1747","8861","797","17881","1216","4444","650","3515","482","8947","918","4491","735","2418","575",
"310M700US23580","Gainesville, GA Metro Area","89857","1678","1359","381","8294","878","11576","1099","14557","991","13164","1051","6748","823","12265","1013","3030","447","3353","498","6755","646","6210","774","2546","461",
"310M700US23900","Gettysburg, PA Metro Area","46425","1004","1874","359","4818","455","6210","494","6459","488","5756","574","3065","391","4945","434","1813","304","2160","310","4079","399","3376","387","1870","240",
"310M700US24020","Glens Falls, NY Metro Area","53571","913","2821","485","7342","589","8361","663","8463","654","5971","606","3048","437","5604","608","1912","260","2260","394","3976","387","2780","340","1033","174",
"310M700US24140","Goldsboro, NC Metro Area","50506","1332","1758","352","6175","756","8645","898","9925","880","7164","862","3450","515","4725","679","902","229","1746","403","2646","439","2174","403","1196","246",
"310M700US24220","Grand Forks, ND-MN Metro Area","51886","945","4130","549","12317","805","13722","875","8393","686","4103","430","1516","215","2567","335","922","232","575","148","1727","348","1226","205","688","199",
"310M700US24260","Grand Island, NE Metro Area","35584","823","2036","304","7881","769","7602","624","7042","742","3232","380","1573","240","2382","341","464","119","729","217","974","199","810","308","859","223",
"310M700US24300","Grand Junction, CO Metro Area","63707","1582","1869","432","10703","842","14724","931","15829","946","10345","960","2443","551","2679","459","244","94","501","176","1203","254","1702","388","1465","357",
"310M700US24340","Grand Rapids-Wyoming-Kentwood, MI Metro Area","509570","3855","17646","1141","61057","2124","83278","2319","92782","2229","81919","2301","41179","1646","53894","1789","15058","915","15110","1174","26761","1404","13388","852","7498","681",
"310M700US24420","Grants Pass, OR Metro Area","29217","1027","1384","259","5769","573","4597","687","5961","648","2984","498","1105","241","2212","445","497","175","1163","323","2073","434","907","306","565","176",
"310M700US24500","Great Falls, MT Metro Area","37497","856","2179","344","7696","663","9032","618","8609","781","4030","460","1164","225","1946","298","432","135","331","141","689","179","945","242","444","171",
"310M700US24540","Greeley, CO Metro Area","151843","1905","4679","628","14823","1116","18548","1316","20871","1119","19671","1197","9360","867","20929","1160","6359","656","6782","569","13395","997","12700","1098","3726","548",
"310M700US24580","Green Bay, WI Metro Area","149060","1921","5563","473","19947","823","26934","1059","31379","1414","24863","1183","8808","658","11643","695","3663","467","3671","401","6285","628","3601","405","2703","378",
"310M700US24660","Greensboro-High Point, NC Metro Area","326997","3467","9620","1101","34542","1717","51196","2260","61072","1981","53723","2297","24868","1391","39598","2091","11036","1092","8387","770","15233","1369","10385","1024","7337","911",
"310M700US24780","Greenville, NC Metro Area","72719","1946","2394","447","9881","1008","14457","1058","15447","1271","10094","919","3316","501","6296","796","1563","292","1428","349","3711","599","2397","503","1735","374",
"310M700US24860","Greenville-Anderson-Greer, SC Metro Area","398351","3903","9495","849","34367","1688","54126","2052","64997","2433","66851","1870","35258","1806","59695","2419","14055","999","13036","1133","27835","1348","11505","891","7131","772",
"310M700US25020","Guayama, PR Metro Area","18895","1034","920","302","1032","396","2757","569","3671","616","3217","517","545","230","2427","471","324","214","558","198","1007","328","1411","417","1026","295",
"310M700US25060","Gulfport-Biloxi, MS Metro Area","170371","2439","5328","763","17824","1447","22862","1412","26284","1448","25746","1359","13608","1097","22857","1476","5353","659","6246","785","12457","1189","7215","821","4591","728",
"310M700US25180","Hagerstown-Martinsburg, MD-WV Metro Area","126620","1976","2143","451","10607","890","17515","1225","19287","1322","18385","1228","7784","583","14133","1070","3800","616","5028","655","10742","1013","10172","979","7024","779",
"310M700US25220","Hammond, LA Metro Area","54124","1632","1532","364","5056","848","7941","943","8127","900","6012","750","2827","547","5388","732","1267","430","2075","557","5656","909","6003","827","2240","469",
"310M700US25260","Hanford-Corcoran, CA Metro Area","54772","1217","1843","345","10382","964","7312","685","7666","846","6589","889","2710","449","6465","708","1875","362","2224","426","4945","720","2113","479","648","218",
"310M700US25420","Harrisburg-Carlisle, PA Metro Area","243987","2810","8474","800","27679","1556","38842","1683","45551","1740","39233","1918","18747","1272","26582","1209","7395","676","7518","751","13129","821","6681","669","4156","565",
"310M700US25500","Harrisonburg, VA Metro Area","59783","1146","2227","374","8751","710","11339","763","10949","896","8547","760","4865","591","5824","602","1517","305","1442","331","1908","391","1629","334","785","195",
"310M700US25540","Hartford-West Hartford-East Hartford, CT Metro Area","485006","3630","12052","1010","45547","1660","72239","2361","81893","2181","79409","2494","42506","2039","66146","2554","18419","1116","17043","1139","25597","1320","14422","989","9733","879",
"310M700US25620","Hattiesburg, MS Metro Area","67614","1558","4050","672","7537","863","11700","1037","10967","964","10833","893","4280","578","7696","801","1770","342","1351","258","2717","481","2056","454","2657","503",
"310M700US25740","Helena, MT Metro Area","39967","1008","2168","379","5715","531","7849","758","9288","724","5701","632","1517","385","3359","509","627","160","578","221","1168","284","1192","335","805","231",
"310M700US25860","Hickory-Lenoir-Morganton, NC Metro Area","155468","2198","4021","643","15198","1217","25696","1557","29999","1456","23294","1355","12611","895","17074","1207","5307","700","3889","613","8782","1021","5408","732","4189","569",
"310M700US25940","Hilton Head Island-Bluffton-Port Royal, SC Metro Area","89162","1873","4262","698","10056","949","13068","1196","14174","1251","10013","920","5334","725","14747","1329","2905","709","2609","649","6095","834","4120","820","1779","485",
"310M700US25980","Hinesville, GA Metro Area","35419","968","1447","301","5190","598","5234","613","6090","687","3826","610","1833","440","2982","521","820","247","1016","316","3014","486","3279","462","688","227",
"310M700US26140","Homosassa Springs, FL Metro Area","45228","1558","1403","341","4570","629","6416","788","6342","677","5906","767","3839","547","5555","656","1417","336","1180","317","4447","593","2118","464","2035","435",
"310M700US26300","Hot Springs, AR Metro Area","38416","971","2261","580","5052","591","7223","779","8534","879","4877","565","1648","328","3614","532","523","191","519","186","1251","302","2010","367","904","255",
"310M700US26380","Houma-Bayou Cane-Thibodaux, LA Metro Area","82970","1751","3212","521","11355","995","14059","1190","12396","1026","10051","810","4431","456","9349","804","1608","289","3005","486","5597","701","5075","746","2832","462",
"310M700US26420","Houston-Pasadena-The Woodlands, TX Metro Area","3032377","12758","54321","3043","181774","4867","294112","5963","395978","6399","417769","6454","211909","5230","534377","7167","119063","3641","154666","4671","351762","6940","240362","4953","76284","3200",
"310M700US26580","Huntington-Ashland, WV-KY-OH Metro Area","141742","1862","5741","674","17312","1100","19021","991","24607","1280","19654","1194","9886","821","17714","1186","4807","611","4348","584","10025","827","5496","683","3131","452",
"310M700US26620","Huntsville, AL Metro Area","216390","2699","4577","725","19075","1421","29154","1479","37548","1638","39951","1862","19578","1231","34024","1774","7813","899","7058","765","10809","1059","4081","551","2722","547",
"310M700US26820","Idaho Falls, ID Metro Area","66686","1184","3019","465","10879","943","13001","854","13935","943","8902","769","3162","499","4537","610","731","201","990","232","2245","380","3276","388","2009","388",
"310M700US26900","Indianapolis-Carmel-Greenwood, IN Metro Area","902962","5506","21301","1230","78484","2451","112780","2826","135285","3604","138838","3102","82575","2354","142724","3469","38678","2128","39409","1886","64668","2496","30681","1603","17539","1491",
"310M700US26980","Iowa City, IA Metro Area","83275","1486","3704","464","11899","1021","16349","1026","16092","1003","13594","942","5131","535","7764","705","1720","239","1520","237","2600","388","1419","260","1483","333",
"310M700US27060","Ithaca, NY Metro Area","39552","1335","1323","281","5295","629","7723","779","8783","903","6696","642","2712","484","3176","596","458","176","800","285","773","164","1117","309","696","258",
"310M700US27100","Jackson, MI Metro Area","62131","1395","2184","375","8990","683","11305","822","11923","806","7058","762","3486","464","5319","476","1575","337","1869","305","4770","568","2661","343","991","255",
"310M700US27140","Jackson, MS Metro Area","247676","3167","6181","1025","18721","1403","31484","1574","41697","1967","44413","2159","20345","1365","38787","2050","8404","860","8516","848","16575","1161","7999","840","4554","597",
"310M700US27180","Jackson, TN Metro Area","74031","1492","2914","529","9341","769","11539","920","13320","948","10234","819","4839","595","8979","760","2112","427","2041","446","4554","664","2724","491","1434","316",
"310M700US27260","Jacksonville, FL Metro Area","669967","5429","12240","1149","48071","2305","75483","2515","102782","3576","110818","3742","57208","2475","120401","3581","27667","1699","26999","1957","52251","2518","25037","1640","11010","848",
"310M700US27340","Jacksonville, NC Metro Area","93224","1840","5174","648","13410","976","12988","1404","14732","1029","13621","1125","7042","992","11230","919","1945","445","2917","479","5130","750","3219","530","1816","421",
"310M700US27500","Janesville-Beloit, WI Metro Area","74018","1377","2901","463","9737","822","13158","870","11247","922","9403","830","4715","560","7367","704","2611","349","2881","290","5656","650","2530","409","1812","352",
"310M700US27620","Jefferson City, MO Metro Area","64694","1043","2935","441","9480","863","11244","1053","13106","910","7945","684","3491","492","6345","568","1989","348","2150","322","3465","395","1305","288","1239","278",
"310M700US27740","Johnson City, TN Metro Area","84589","1778","2718","462","10266","1073","14110","853","14993","888","12593","966","6972","765","9745","803","2236","429","2133","367","4716","565","2488","461","1619","357",
"310M700US27780","Johnstown, PA Metro Area","49843","1015","2198","329","7165","545","8683","595","7785","586","5993","456","3450","355","5106","416","1359","226","1820","252","3511","431","1454","225","1319","199",
"310M700US27860","Jonesboro, AR Metro Area","56276","1230","2891","471","7029","634","10819","929","11539","926","9127","723","2946","598","5386","586","922","235","1028","301","1720","302","1975","392","894","256",
"310M700US27900","Joplin, MO-KS Metro Area","85485","1544","3707","534","12465","894","16801","904","15269","941","12034","870","6260","674","9526","921","1586","282","1565","294","2737","372","2052","420","1483","257",
"310M700US27980","Kahului-Wailuku, HI Metro Area","70114","1325","2154","436","9875","858","11483","812","11732","903","9519","798","2936","432","9166","856","1162","219","2127","341","5691","769","3281","500","988","280",
"310M700US28020","Kalamazoo-Portage, MI Metro Area","113648","1782","2969","507","14096","988","20885","1130","23357","1393","19782","1084","7116","666","12167","848","2384","385","1758","289","4427","613","3193","603","1514","339",
"310M700US28100","Kankakee, IL Metro Area","45014","1009","2230","368","5880","567","7699","631","6660","579","5949","708","2026","329","3947","385","1393","304","1434","279","3388","423","3300","445","1108","226",
"310M700US28140","Kansas City, MO-KS Metro Area","935301","5247","24641","1423","91936","2810","128408","2844","161963","3444","163039","3749","83570","2404","129882","3205","31959","1544","31098","1504","52718","2122","22923","1242","13164","1095",
"310M700US28420","Kennewick-Richland, WA Metro Area","122084","1885","3476","539","13185","1090","21496","1355","27238","1344","18724","1257","7560","721","10206","937","2326","486","3113","469","8316","1048","4794","645","1650","368",
"310M700US28450","Kenosha, WI Metro Area","76607","1178","2461","497","8405","748","12035","777","12959","949","10243","806","4486","543","8479","828","2771","386","2868","363","6599","594","3653","484","1648","319",
"310M700US28660","Killeen-Temple, TX Metro Area","199522","2501","7143","694","23510","1338","34957","1671","38451","2068","25938","1604","12096","1223","18409","1286","4307","560","4911","632","12007","1027","12396","1090","5397","799",
"310M700US28700","Kingsport-Bristol, TN-VA Metro Area","116419","1963","3822","551","12565","819","17965","1158","19575","1110","18546","1226","9200","744","13964","1022","3888","563","3196","400","7438","672","3995","635","2265","390",
"310M700US28740","Kingston, NY Metro Area","67844","1634","2545","472","6858","651","10796","804","9426","794","8547","812","5099","608","7786","719","2326","372","3150","501","4808","451","3125","461","3378","487",
"310M700US28880","Kiryas Joel-Poughkeepsie-Newburgh, NY Metro Area","283718","3136","8625","813","27676","1493","36180","1740","38903","1658","33689","1599","15827","1008","27822","1472","8791","723","11446","934","25833","1198","26525","1635","22401","1437",
"310M700US28940","Knoxville, TN Metro Area","384498","3745","8218","823","32048","1563","49266","1769","66513","2457","64317","2372","34386","1789","57937","2083","15068","1216","12573","1096","26320","1501","12487","833","5365","671",
"310M700US29020","Kokomo, IN Metro Area","33618","857","1549","389","6206","650","7651","721","6511","701","3018","383","818","199","1752","378","878","293","835","268","2276","325","1688","273","436","137",
"310M700US29100","La Crosse-Onalaska, WI-MN Metro Area","76398","1213","3456","417","13384","1028","14042","950","13419","851","10726","789","4415","438","6694","524","2029","341","1864","278","3419","370","1774","272","1176","239",
"310M700US29180","Lafayette, LA Metro Area","170172","2506","5692","758","17745","1059","27207","1540","29782","1579","25005","1548","11160","1152","23402","1461","4226","615","4992","741","8690","867","6761","682","5510","654",
"310M700US29200","Lafayette-West Lafayette, IN Metro Area","97110","1762","2586","369","11853","891","22829","1185","22890","1288","14102","968","5425","609","6761","680","2245","430","1632","339","3188","374","2525","407","1074","185",
"310M700US29340","Lake Charles, LA Metro Area","100696","2314","3434","531","11913","1065","18576","1349","21616","1513","15130","1269","6037","885","10407","1106","1844","418","1657","361","4257","717","3318","611","2507","492",
"310M700US29420","Lake Havasu City-Kingman, AZ Metro Area","69524","1641","3317","587","11669","1072","18303","1313","12767","1028","7280","781","2847","496","4703","576","836","281","840","250","2898","508","2412","387","1652","358",
"310M700US29460","Lakeland-Winter Haven, FL Metro Area","302675","3806","5994","927","18815","1312","29121","1896","44931","2147","46538","2111","22746","1562","40741","1791","11445","1052","12752","1188","35365","1704","23404","1403","10823","1120",
"310M700US29540","Lancaster, PA Metro Area","244287","2684","9788","675","27522","1404","35855","1599","39638","1883","36096","1622","20214","1190","29138","1568","7288","717","8664","779","15651","917","9019","812","5414","658",
"310M700US29620","Lansing-East Lansing, MI Metro Area","192692","2312","7110","677","21111","1046","33675","1382","39364","1638","33697","1535","14112","1003","18796","978","3590","369","3853","446","6703","542","7080","569","3601","476",
"310M700US29700","Laredo, TX Metro Area","108033","1940","2209","488","10210","1074","19602","1410","24951","1469","19621","1210","5400","667","13418","1115","1492","370","2253","444","3463","551","2411","571","3003","694",
"310M700US29740","Las Cruces, NM Metro Area","86460","1904","2551","513","10673","1203","15591","1277","18365","1339","12765","1255","4422","657","7567","879","1743","460","2156","576","4910","703","4085","927","1632","524",
"310M700US29820","Las Vegas-Henderson-North Las Vegas, NV Metro Area","947872","5231","14537","1079","58600","2348","107378","3012","148872","3598","185106","4041","90827","2706","180342","3385","32715","1805","36534","1816","50180","2021","25204","1444","17577","1260",
"310M700US29940","Lawrence, KS Metro Area","55374","1444","2673","566","8836","872","11369","1184","9045","755","5086","723","2613","443","5179","665","2016","409","2897","545","4005","568","1172","329","483","209",
"310M700US30020","Lawton, OK Metro Area","50047","968","2371","306","8528","628","9717","670","11786","757","6858","563","2322","363","3988","331","489","125","772","143","1607","341","728","162","881","169",
"310M700US30140","Lebanon, PA Metro Area","60233","1275","2989","455","8079","800","9564","741","9764","822","8567","735","4179","487","6157","555","1483","306","2685","491","3989","465","1995","294","782","212",
"310M700US30300","Lewiston, ID-WA Metro Area","25895","789","1683","331","5499","526","6769","576","6231","588","2084","320","480","177","955","197","186","91","361","116","865","202","477","160","305","141",
"310M700US30340","Lewiston-Auburn, ME Metro Area","47646","1088","1493","309","6925","660","8181","773","6157","582","4652","481","3253","508","5256","620","1894","348","2148","413","5196","608","1792","333","699","194",
"310M700US30460","Lexington-Fayette, KY Metro Area","229704","2813","6889","782","26148","1384","38231","1464","43367","1797","37763","1611","17847","1133","27868","1632","5969","580","5250","671","10036","687","6361","688","3975","612",
"310M700US30500","Lexington Park, MD Metro Area","88166","1916","1320","329","6120","885","9757","898","11715","961","11575","1036","4783","662","10694","890","2996","469","3188","507","9697","780","10030","884","6291","809",
"310M700US30620","Lima, OH Metro Area","42789","894","1941","314","7003","761","8996","642","8715","762","5753","622","2390","358","3122","350","944","205","930","234","1882","290","743","195","370","108",
"310M700US30700","Lincoln, NE Metro Area","162118","2190","5581","723","20746","1102","31871","1320","38179","1731","28748","1511","9386","928","12139","871","2257","315","2319","395","5456","532","3708","548","1728","339",
"310M700US30780","Little Rock-North Little Rock-Conway, AR Metro Area","316208","3627","9783","907","31814","2241","46645","2019","55257","2080","46444","2078","24771","1707","46437","2014","10036","1060","10328","1049","20339","1135","9983","786","4371","598",
"310M700US30860","Logan, UT-ID Metro Area","66452","1111","3699","562","13200","1004","15233","1005","12493","938","7650","643","2905","392","3970","498","1085","280","1019","230","2347","392","1691","311","1160","221",
"310M700US30980","Longview, TX Metro Area","117688","1607","4186","640","15959","1052","21002","1418","19714","1163","15510","1011","6683","732","12863","919","4123","568","3908","535","6214","663","4299","591","3227","485",
"310M700US31020","Longview-Kelso, WA Metro Area","42926","1101","1320","253","4829","552","8224","719","7344","633","4738","541","2036","322","3729","568","1241","273","1820","460","3090","415","2917","510","1638","329",
"310M700US31080","Los Angeles-Long Beach-Anaheim, CA Metro Area","5160865","13640","74877","2295","310938","5803","554220","7144","735215","6994","764544","7472","328076","4017","909250","8383","156686","3645","251317","4543","492577","5679","423243","5098","159922","3614",
"310M700US31140","Louisville/Jefferson County, KY-IN Metro Area","578627","4646","11492","986","50297","2342","73392","1968","96219","2966","109790","2627","55872","2041","82596","2546","19943","1456","18367","1095","34713","1477","16872","1102","9074","841",
"310M700US31180","Lubbock, TX Metro Area","160335","2500","7505","760","26168","1386","41140","1954","41090","1701","18116","1136","4713","524","8580","772","1681","325","1488","310","3848","498","2913","544","3093","462",
"310M700US31340","Lynchburg, VA Metro Area","106390","1733","3600","571","10971","795","18751","1197","18673","1110","16388","1153","8335","699","12826","897","3332","458","2708","432","4910","577","3741","480","2155","394",
"310M700US31420","Macon-Bibb County, GA Metro Area","88447","1889","2552","426","7752","887","12318","1014","16322","1106","13972","1034","7758","896","11661","1118","3083","504","2364","449","5008","542","3494","441","2163","459",
"310M700US31540","Madison, WI Metro Area","310007","3696","11929","992","36945","1520","46433","1648","55622","1819","51356","2076","27004","1449","36716","1679","9390","762","9599","825","14535","1017","7246","723","3232","355",
"310M700US31700","Manchester-Nashua, NH Metro Area","193323","2500","5558","886","16897","885","28003","1437","27800","1438","26598","1467","15736","1075","23214","1526","7128","759","7536","667","15380","1055","13991","958","5482","657",
"310M700US31740","Manhattan, KS Metro Area","64563","1313","3075","435","16360","945","14510","909","10041","732","6760","785","2749","396","4954","558","813","212","995","310","2020","480","1102","327","1184","428",
"310M700US31860","Mankato, MN Metro Area","49576","921","2899","366","10341","862","12859","787","9855","705","5085","401","1861","210","2543","329","762","173","447","97","1204","239","1135","235","585","116",
"310M700US31900","Mansfield, OH Metro Area","50041","1184","2571","518","7771","667","8243","618","9694","764","8012","816","3034","461","3478","505","943","254","872","283","1602","343","2622","448","1199","268",
"310M700US32420","Mayagüez, PR Metro Area","60684","1781","855","226","5587","649","10149","993","11537","969","10102","774","3185","462","8122","829","1330","302","2659","471","3399","573","1960","409","1799","437",
"310M700US32580","McAllen-Edinburg-Mission, TX Metro Area","313630","4150","11328","932","38153","2168","50526","2356","55197","2308","52768","2013","20250","1401","45755","2630","5589","802","7296","908","12504","1154","8024","806","6240","831",
"310M700US32780","Medford, OR Metro Area","85435","1773","3129","556","13633","1362","16711","1336","18034","1184","13312","1033","5371","646","7239","799","2130","468","1195","266","1923","356","1605","335","1153","254",
"310M700US32820","Memphis, TN-MS-AR Metro Area","553545","4990","12443","1121","48042","2158","62679","2491","85145","2602","107840","3323","47641","2182","90965","3172","19443","1485","20107","1370","37229","1851","14944","1390","7067","769",
"310M700US32900","Merced, CA Metro Area","103732","2061","4165","617","14419","1166","17161","1102","14315","1055","10800","939","3770","468","11042","883","1467","260","2385","368","6638","719","7785","784","9785","884",
"310M700US33100","Miami-Fort Lauderdale-West Palm Beach, FL Metro Area","2607045","9744","38082","2043","138830","3573","261978","3996","349505","5219","415207","6685","184705","4791","472644","6595","91407","2661","135299","3454","262281","4880","188633","4631","68474","2304",
"310M700US33140","Michigan City-La Porte, IN Metro Area","44175","1089","1153","255","5316","600","7875","745","6252","620","5908","546","3617","513","4500","524","1613","280","1636","315","3299","547","1751","363","1255","385",
"310M700US33220","Midland, MI Metro Area","33317","838","994","199","4879","408","6174","488","4833","440","4061","455","2850","414","3847","433","983","191","1119","248","1467","243","857","218","1253","223",
"310M700US33260","Midland, TX Metro Area","83769","1676","3136","740","10842","1103","13281","1022","18380","1461","12566","1323","4072","838","10296","1011","1846","486","1731","451","3460","636","2095","458","2064","528",
"310M700US33340","Milwaukee-Waukesha, WI Metro Area","665030","4446","15727","846","66257","2177","99722","2492","117773","2273","115799","2737","56608","1957","93010","2459","23229","1221","20702","1158","30199","1209","16869","1092","9135","743",
"310M700US33460","Minneapolis-St. Paul-Bloomington, MN-WI Metro Area","1543647","6374","38623","1479","139197","2671","207006","3414","264587","3298","258337","3780","136534","3079","214114","3676","59074","1949","60022","2042","97686","2699","47758","1720","20709","1141",
"310M700US33500","Minot, ND Metro Area","37034","874","2207","360","7967","799","8066","709","6024","524","4258","498","1556","271","2667","437","344","160","347","108","886","231","1489","337","1223","279",
"310M700US33540","Missoula, MT Metro Area","58598","1195","2391","431","9547","964","13483","999","13303","1017","8132","866","2426","404","4153","556","605","168","809","214","1627","311","1227","294","895","260",
"310M700US33660","Mobile, AL Metro Area","162567","2059","2823","388","11579","1034","17771","1232","28479","1443","30951","1628","12566","987","26925","1262","5120","642","5048","480","11027","912","6388","849","3890","679",
"310M700US33700","Modesto, CA Metro Area","214320","2461","8273","850","22030","1273","29595","1425","31529","1406","28917","1610","12447","860","25178","1109","5049","703","7385","706","13837","1172","11746","1064","18334","1124",
"310M700US33740","Monroe, LA Metro Area","85547","1622","2965","542","8718","840","15779","1056","17468","1346","12012","1001","5256","855","9364","890","1562","278","1582","322","4866","582","3831","566","2144","376",
"310M700US33780","Monroe, MI Metro Area","64241","1556","1775","339","6694","660","8188","624","7883","751","8593","653","4833","520","9391","874","2967","409","3600","480","6379","621","3016","444","922","234",
"310M700US33860","Montgomery, AL Metro Area","155439","2690","2982","557","12202","1017","20848","1381","29733","1557","26658","1510","12467","881","23526","1306","5481","737","4594","649","10159","837","3440","550","3349","584",
"310M700US34060","Morgantown, WV Metro Area","59820","1362","2201","433","7468","851","9909","961","11024","885","8721","689","3378","410","6476","718","1210","290","1614","266","3926","522","2720","411","1173","245",
"310M700US34100","Morristown, TN Metro Area","51266","1330","1037","293","5720","751","8143","833","7663","796","6111","724","3515","452","7034","773","1719","422","1907","440","3726","555","3625","590","1066","304",
"310M700US34580","Mount Vernon-Anacortes, WA Metro Area","50629","942","2110","343","6742","594","7827","610","7261","602","5068","525","3084","390","6441","572","1285","241","1966","354","3419","438","3504","549","1922","345",
"310M700US34620","Muncie, IN Metro Area","47875","1150","2253","409","8708","771","9693","726","8918","708","5094","481","2190","328","3254","421","1148","257","1052","231","1966","298","2567","442","1032","216",
"310M700US34740","Muskegon-Norton Shores, MI Metro Area","71121","1467","2495","439","8941","741","12141","741","14106","1017","11070","811","5159","621","5891","639","1994","326","1675","271","4514","508","2252","419","883","187",
"310M700US34820","Myrtle Beach-Conway-North Myrtle Beach, SC Metro Area","144632","2685","4374","695","13120","995","21857","1659","26910","1598","26330","1557","10073","1000","19918","1453","4066","611","4016","620","7631","777","3515","618","2822","469",
"310M700US34900","Napa, CA Metro Area","56218","1802","1661","315","7893","964","9233","803","8802","780","6175","600","2635","341","7216","630","1575","318","2330","379","3563","461","3537","584","1598","296",
"310M700US34940","Naples-Marco Island, FL Metro Area","137788","2325","2591","491","11716","1033","15817","1165","24309","1608","22955","1459","9531","1017","19728","1731","4240","798","5860","1034","11213","1149","6542","730","3286","720",
"310M700US34980","Nashville-Davidson--Murfreesboro--Franklin, TN Metro Area","885701","5667","18432","1268","69187","2467","102338","2875","129769","3337","122761","3670","61095","2425","132387","3441","40650","2103","41852","2419","92847","2853","57782","2387","16601","1489",
"310M700US35300","New Haven, CT Metro Area","242407","2988","6286","598","24464","1591","37162","1523","46040","1987","39944","1783","19504","1310","28978","1621","5851","667","7089","871","12346","1063","9382","1027","5361","792",
"310M700US35380","New Orleans-Metairie, LA Metro Area","398408","3599","10518","811","34358","1723","55040","1764","71113","2307","67031","2265","25148","1418","63540","2546","10808","909","11718","966","24853","1683","16488","1215","7793","834",
"310M700US35620","New York-Newark-Jersey City, NY-NJ Metro Area","7904165","17566","147823","3567","443997","5953","686643","8080","833512","8979","879686","10064","448454","6085","1166199","10145","277433","4890","457393","5814","980460","8991","1094627","9086","487938","6740",
"310M700US35660","Niles, MI Metro Area","60765","1344","2863","400","9763","648","11242","756","11070","750","7889","576","4323","545","5458","472","1293","248","1401","249","2199","369","1770","350","1494","278",
"310M700US35840","North Port-Bradenton-Sarasota, FL Metro Area","312372","3661","6506","652","25006","1802","38752","1750","46296","1904","55825","2170","20941","1231","54331","2561","9519","920","11858","1097","23339","1428","13759","1018","6240","697",
"310M700US35980","Norwich-New London-Willimantic, CT Metro Area","121184","1841","3110","542","13158","862","17627","1043","22732","1430","17802","1175","9163","794","14855","978","3882","670","3961","511","7262","717","5473","651","2159","438",
"310M700US36100","Ocala, FL Metro Area","134402","2549","2309","458","11064","1129","16386","1269","21239","1453","19511","1341","11100","1263","22952","1612","5196","756","4436","671","10910","1194","5645","771","3654","763",
"310M700US36220","Odessa, TX Metro Area","72167","1449","1700","456","7676","971","12587","1398","13868","1289","11014","1162","3862","782","8662","1141","841","309","1856","524","4109","584","2584","431","3408","957",
"310M700US36260","Ogden, UT Metro Area","272394","3231","7493","759","29452","1367","40336","1573","48641","1847","47071","1893","20330","1147","31916","1550","7781","659","8667","750","17250","1344","9811","868","3646","502",
"310M700US36420","Oklahoma City, OK Metro Area","626047","3917","16393","1029","62454","1862","84577","2621","108516","2433","107236","2782","51705","1627","96578","2121","17400","1028","19867","1176","34654","1447","16072","1036","10595","901",
"310M700US36500","Olympia-Lacey-Tumwater, WA Metro Area","110794","2272","3389","528","10552","1028","14623","1093","17715","1203","17181","1266","8460","812","13267","1164","3409","473","4296","544","9221","999","6215","679","2466","424",
"310M700US36540","Omaha, NE-IA Metro Area","432941","2959","12100","682","48600","1617","71724","1794","84826","2507","80370","2241","38867","1552","50966","1756","9650","727","8945","641","13945","975","7166","651","5782","530",
"310M700US36740","Orlando-Kissimmee-Sanford, FL Metro Area","1137319","7476","16656","1415","67785","2843","119023","3926","150570","3862","161881","4159","90646","3124","204409","5112","51461","2322","59837","2837","118347","3839","67794","2882","28910","2431",
"310M700US36780","Oshkosh-Neenah, WI Metro Area","78946","1217","3559","485","12591","980","16371","885","16134","837","10644","718","4832","476","6862","564","1463","277","1561","326","1995","317","1439","275","1495","306",
"310M700US36980","Owensboro, KY Metro Area","47755","1036","1737","340","7354","813","11145","829","8791","840","5689","693","1905","347","3604","545","1595","445","1382","367","2485","408","1356","270","712","210",
"310M700US37100","Oxnard-Thousand Oaks-Ventura, CA Metro Area","337659","3190","7486","774","31429","1494","49207","1893","49515","1701","41324","1905","51797","2244","39842","1907","7788","741","11519","791","21585","1160","17104","1124","9063","721",
"310M700US37140","Paducah, KY-IL Metro Area","42099","887","2217","359","6097","613","8994","730","7663","699","4594","488","2440","335","5251","602","840","209","961","200","1414","209","1032","236","596","152",
"310M700US37340","Palm Bay-Melbourne-Titusville, FL Metro Area","240989","3170","5022","827","19156","1326","29840","1840","39022","1841","43534","1983","20135","1294","36029","1977","8547","981","8355","1013","16256","1168","10942","1072","4151","537",
"310M700US37460","Panama City-Panama City Beach, FL Metro Area","90617","1533","2650","502","9656","1014","12151","1021","16778","1134","11830","914","4738","552","13724","1113","2890","425","3234","485","6750","741","4148","608","2068","389",
"310M700US37620","Parkersburg-Vienna, WV Metro Area","33980","802","1162","261","3282","424","7123","651","6904","661","5996","558","2331","363","2955","367","411","162","524","164","1369","346","1301","324","622","185",
"310M700US37860","Pensacola-Ferry Pass-Brent, FL Metro Area","207663","3105","5600","645","18998","1502","25191","1451","36652","1781","30178","1483","14827","1278","30130","1717","6610","825","6834","751","17411","1193","9882","991","5350","672",
"310M700US37900","Peoria, IL Metro Area","149800","1791","6857","548","18682","1088","25751","1260","28016","1391","24167","1146","12778","830","16021","994","3727","437","2957","343","5688","533","2643","361","2513","359",
"310M700US37980","Philadelphia-Camden-Wilmington, PA-NJ-DE-MD Metro Area","2495957","8531","59658","2403","190910","3400","275471","4146","341228","5075","343108","5434","182927","3807","380251","5383","96003","2784","126442","3367","257284","4515","175477","4084","67198","2537",
"310M700US38060","Phoenix-Mesa-Chandler, AZ Metro Area","1927852","9612","45841","2362","152500","3509","223902","4416","279457","4317","311921","5365","160454","4002","296012","4714","70516","2313","89190","2969","166768","3867","97028","2962","34263","1590",
"310M700US38240","Pinehurst-Southern Pines, NC Metro Area","39802","1013","1203","279","4083","589","5496","699","5744","633","4597","523","2612","485","5327","617","1571","325","1390","322","4464","571","2593","472","722","207",
"310M700US38300","Pittsburgh, PA Metro Area","978226","5232","31808","1490","93891","2115","124610","3084","144535","3140","140382","2882","74515","1957","134940","2920","39686","1336","43626","1671","82459","2060","48945","1544","18829","1116",
"310M700US38340","Pittsfield, MA Metro Area","53394","1422","2220","317","9090","771","11652","813","8416","750","6245","603","2488","343","4490","456","1452","266","1464","258","2788","457","2039","399","1050","264",
"310M700US38540","Pocatello, ID Metro Area","36585","893","1727","299","7499","580","10397","840","8019","751","2909","371","986","233","1523","247","250","100","312","92","986","213","1236","266","741","218",
"310M700US38660","Ponce, PR Metro Area","78033","1811","917","257","5881","643","13839","1071","14791","1089","13629","916","5303","647","9654","872","1899","445","2758","470","3917","604","2780","454","2665","464",
"310M700US38860","Portland-South Portland, ME Metro Area","239538","2654","8317","1032","25035","1642","35326","1486","35723","1561","34029","1391","16707","1197","30576","1390","9061","490","9925","744","19693","1168","10169","1207","4977","490",
"310M700US38900","Portland-Vancouver-Hillsboro, OR-WA Metro Area","989113","6119","23758","1194","90557","2683","130062","3395","163387","3537","157552","3568","77651","2380","139170","2862","35097","1719","40561","1916","72152","2183","41910","1549","17256","1331",
"310M700US38940","Port St. Lucie, FL Metro Area","192456","3148","3774","672","10712","1446","23975","1458","26625","1697","29542","1638","10513","1060","34689","2233","5785","967","8814","1042","19163","1393","12323","1266","6541","829",
"310M700US39150","Prescott Valley-Prescott, AZ Metro Area","82338","1566","4141","583","12062","1077","13780","1198","11505","912","10813","1023","6160","769","11221","1092","1802","333","1441","303","3866","669","2430","495","3117","573",
"310M700US39300","Providence-Warwick, RI-MA Metro Area","731152","5330","19287","1340","65282","2257","103092","2712","115398","2839","108071","2217","46084","1733","95702","2810","24958","1544","28866","1543","57488","1869","45446","2085","21478","1293",
"310M700US39340","Provo-Orem-Lehi, UT Metro Area","283097","2467","10437","880","35893","1666","48659","1845","47981","1963","38281","1548","17532","959","31630","1480","9381","712","9338","720","18578","865","11100","836","4287","500",
"310M700US39380","Pueblo, CO Metro Area","65091","1320","1394","295","7169","644","13231","764","16425","1003","9115","647","2054","355","4893","546","1125","214","1465","298","4346","534","2537","373","1337","244",
"310M700US39460","Punta Gorda, FL Metro Area","60125","1924","1714","368","5046","624","8858","857","11046","1171","8422","876","3346","461","6505","648","1924","440","2306","456","5092","699","4046","686","1820","407",
"310M700US39540","Racine-Mount Pleasant, WI Metro Area","85836","1491","2808","473","11105","1034","12572","892","13034","850","10926","811","6379","601","10685","968","3848","571","4032","491","6414","650","2462","482","1571","310",
"310M700US39580","Raleigh-Cary, NC Metro Area","567322","5259","11635","1176","39476","1932","64599","2538","86867","2801","85395","2727","50746","2426","88350","3209","23141","1439","26537","1613","53223","2291","27920","1885","9433","1024",
"310M700US39660","Rapid City, SD Metro Area","69429","1356","3183","723","9411","1431","14369","2135","15295","1035","10380","835","4078","562","5181","679","989","271","1111","289","2302","437","1619","287","1511","420",
"310M700US39740","Reading, PA Metro Area","183509","2332","5354","629","17981","931","27767","1465","30535","1473","28097","1411","13246","932","19726","1234","6417","641","6953","662","13105","829","9811","756","4517","596",
"310M700US39820","Redding, CA Metro Area","67508","1374","2639","488","10723","701","15635","1033","13548","851","9763","893","3077","481","5698","747","651","185","725","204","1852","358","1523","291","1674","361",
"310M700US39900","Reno, NV Metro Area","243516","2701","6691","782","25561","1622","35879","1626","47052","2109","39798","1599","17580","1075","29996","1527","6288","545","7013","698","15236","1152","8185","883","4237","625",
"310M700US40060","Richmond, VA Metro Area","550249","4008","11536","936","42231","1618","67742","2132","89886","2846","95657","2653","50033","1762","86510","3054","22202","1201","18901","1519","36120","1579","17289","1002","12142","1057",
"310M700US40140","Riverside-San Bernardino-Ontario, CA Metro Area","1809184","8039","34686","1848","129999","3449","205766","3794","252510","4345","233817","4111","102823","3341","249351","4614","47666","1909","72458","2772","160314","3216","193281","4086","126513","3526",
"310M700US40220","Roanoke, VA Metro Area","125928","2061","3918","415","12626","999","19060","1226","25707","1486","22407","1150","8285","763","15611","1162","2642","360","2386","385","7459","791","4159","566","1668","333",
"310M700US40340","Rochester, MN Metro Area","101331","1327","4069","417","13881","889","21734","964","21151","989","12972","796","5937","541","8700","582","1857","230","1867","207","4517","498","2846","422","1800","407",
"310M700US40380","Rochester, NY Metro Area","432978","3511","15018","1020","51699","1430","71458","2328","80075","2198","77746","2324","37581","2033","45918","1627","11644","898","10620","790","16287","866","9427","597","5505","722",
"310M700US40420","Rockford, IL Metro Area","136238","1844","3941","461","14450","965","23096","1271","25249","1095","22771","1186","11048","982","14080","829","2678","371","2637","363","6784","649","5705","698","3799","549",
"310M700US40580","Rocky Mount, NC Metro Area","57153","1475","1132","264","7181","829","9456","770","10107","871","7786","870","3466","405","7772","833","1639","358","1487","366","3684","532","2721","436","722","225",
"310M700US40660","Rome, GA Metro Area","40154","1159","981","231","4787","668","6054","611","7694","779","6731","773","2651","557","4375","463","1012","330","880","264","2389","497","1447","329","1153","279",
"310M700US40900","Sacramento-Roseville-Folsom, CA Metro Area","892509","6422","20993","1305","71650","2524","116862","3070","143193","3196","140391","3000","65803","2296","138894","2893","28854","1585","34757","1889","59838","2208","37943","1665","33331","1638",
"310M700US40980","Saginaw, MI Metro Area","72451","1509","2932","383","10164","783","12969","955","12870","910","9992","657","5669","682","7170","662","1681","256","1554","256","2985","283","2681","435","1784","278",
"310M700US41060","St. Cloud, MN Metro Area","94509","1363","4440","476","13367","819","18688","1031","17432","1109","11595","613","5557","449","8851","605","2297","292","2136","279","4350","453","3203","352","2593","331",
"310M700US41100","St. George, UT Metro Area","72609","1701","3241","606","10727","978","15907","1312","17098","1322","9813","1033","3555","593","5720","723","1056","399","902","281","2011","392","1108","277","1471","385",
"310M700US41140","St. Joseph, MO-KS Metro Area","50802","872","2309","317","8244","785","12205","685","10329","645","6061","485","1714","233","3600","392","802","166","817","191","1686","252","2257","347","778","242",
"310M700US41180","St. Louis, MO-IL Metro Area","1175702","6680","29864","1547","106193","2698","147293","2888","189005","4004","187370","3805","101354","2691","173515","3607","48454","2124","48693","1894","84833","2143","40358","1951","18770","1263",
"310M700US41420","Salem, OR Metro Area","172487","2521","6710","813","19913","1175","25090","1409","30631","1605","23494","1370","10633","903","20026","1366","5309","650","5355","678","11837","1288","10040","885","3449","482",
"310M700US41500","Salinas, CA Metro Area","169622","2284","4209","737","14143","1185","20885","1384","27393","1460","38475","1663","9568","943","19703","1379","4644","574","8531","934","9280","873","7800","723","4991","576",
"310M700US41540","Salisbury, MD Metro Area","55473","1292","1469","345","7611","829","9977","836","10591","976","6556","721","3586","554","5084","665","1578","393","1643","342","4141","569","2025","428","1212","237",
"310M700US41620","Salt Lake City-Murray, UT Metro Area","543683","4576","12444","1119","48211","1804","80108","2081","102677","2878","100576","2765","44717","1775","69254","2038","14958","1052","19203","1230","29183","1439","15562","1031","6790","603",
"310M700US41660","San Angelo, TX Metro Area","52510","1255","2538","485","9147","817","12973","947","13320","1091","5280","617","1514","308","2470","434","351","192","305","139","977","303","1144","319","2491","516",
"310M700US41700","San Antonio-New Braunfels, TX Metro Area","1073303","6908","21923","1589","81317","2807","128408","3787","163384","4198","169247","4390","87000","2687","178793","3799","35279","1910","43081","2154","86973","3464","53028","2745","24870","1505",
"310M700US41740","San Diego-Chula Vista-Carlsbad, CA Metro Area","1329787","8302","24285","1310","91075","2678","163299","3760","228578","4477","238579","5161","103497","2674","211635","3985","42755","1815","52484","2545","91998","2636","55507","1984","26095","1575",
"310M700US41780","Sandusky, OH Metro Area","50409","1150","2773","420","7188","663","9029","939","8028","732","5524","643","4261","597","5634","641","1192","271","1398","282","2463","359","1694","306","1225","318",
"310M700US41860","San Francisco-Oakland-Fremont, CA Metro Area","1753627","8509","27098","1694","104063","2813","191850","3719","247805","4596","235583","4233","100785","2741","261555","5273","61533","2096","94577","3292","184962","3710","179356","3668","64460","2750",
"310M700US41940","San Jose-Sunnyvale-Santa Clara, CA Metro Area","767036","5866","10219","991","46020","1757","92910","3140","133777","3429","137106","2902","55588","2053","119693","2896","21676","1227","32215","1668","58858","1704","40863","1359","18111","1114",
"310M700US41980","San Juan-Bayamón-Caguas, PR Metro Area","705932","5000","16463","1287","43065","2002","67798","2690","102571","3166","105257","2895","35243","1938","130038","2970","17206","1159","39502","1791","61766","2556","66277","2118","20746","1299",
"310M700US42020","San Luis Obispo-Paso Robles, CA Metro Area","107355","2014","4836","570","17135","1113","16227","964","19239","1236","14856","1033","8912","1080","11021","1058","2473","374","2614","464","4704","572","2283","407","3055","445",
"310M700US42100","Santa Cruz-Watsonville, CA Metro Area","101503","2161","3668","714","10785","1012","15804","1267","17028","1190","13966","1065","4734","575","10114","895","2605","412","3906","475","9385","879","7087","652","2421","425",
"310M700US42140","Santa Fe, NM Metro Area","58476","1342","1617","332","6629","667","8881","807","10982","752","8776","867","3380","462","7349","806","1302","284","1812","368","3816","474","2932","450","1000","247",
"310M700US42200","Santa Maria-Santa Barbara, CA Metro Area","174681","2557","6533","722","25666","1240","39163","1556","30982","1586","19368","1156","12351","1325","15180","1114","2785","497","4270","732","8815","893","6933","776","2635","411",
"310M700US42220","Santa Rosa-Petaluma, CA Metro Area","199413","2479","6096","826","21353","1444","35043","1626","33864","1575","26353","1198","12519","1006","23430","1297","4299","478","5937","758","12775","906","11353","955","6391","683",
"310M700US42340","Savannah, GA Metro Area","179944","2502","4135","587","14421","1013","23563","1304","28417","1531","27590","1537","12860","1017","29112","1523","6638","817","6797","852","16057","1284","7536","832","2818","462",
"310M700US42540","Scranton--Wilkes-Barre, PA Metro Area","233781","2591","8360","830","28102","1308","39995","1441","43765","1886","38016","1576","15976","933","24053","1014","5295","478","5964","512","11289","645","7255","619","5711","609",
"310M700US42660","Seattle-Tacoma-Bellevue, WA Metro Area","1600370","6916","32397","1559","109717","2786","169657","3850","221388","3936","225130","3416","123196","2610","247477","3841","60064","1996","83214","2597","159875","3559","122449","3068","45806","2154",
"310M700US42680","Sebastian-Vero Beach-West Vero Corridor, FL Metro Area","56852","1564","1246","367","6186","777","10310","1177","10898","1066","9214","976","3457","590","6549","718","1294","330","1501","376","2429","476","1769","386","1999","506",
"310M700US42700","Sebring, FL Metro Area","32705","1034","1538","382","4354","534","6249","626","5916","617","4329","677","1773","294","2914","620","672","186","657","224","1518","380","1521","317","1264","297",
"310M700US43100","Sheboygan, WI Metro Area","53302","1110","3165","467","9013","695","12461","648","10082","717","7567","654","2270","266","3577","477","809","150","947","216","1486","248","1263","217","662","175",
"310M700US43300","Sherman-Denison, TX Metro Area","58887","1295","3043","492","7007","890","8634","902","10469","920","6988","723","3156","598","5394","707","2143","497","1524","329","5090","565","3406","498","2033","391",
"310M700US43340","Shreveport-Bossier City, LA Metro Area","150909","2319","5432","839","15143","1069","23159","1463","33013","1492","24985","1363","10975","1033","19499","1337","3283","450","3477","549","5917","660","3905","583","2121","381",
"310M700US43420","Sierra Vista-Douglas, AZ Metro Area","40430","1006","2156","376","6827","658","8162","718","7076","735","4117","431","1224","328","2787","429","1230","275","616","199","2375","405","2555","500","1305","288",
"310M700US43580","Sioux City, IA-NE-SD Metro Area","67007","1083","3531","502","11611","849","14356","1094","15414","859","10057","814","3087","462","3738","428","1013","179","1092","276","1330","253","853","250","925","253",
"310M700US43620","Sioux Falls, SD-MN Metro Area","145259","1550","6939","637","18988","1155","29327","1452","32232","1453","26871","1292","7960","750","11445","768","1876","324","2179","383","3410","407","2269","343","1763","302",
"310M700US43640","Slidell-Mandeville-Covington, LA Metro Area","109355","2051","2360","483","7878","780","13545","1254","16103","1139","12064","1246","5905","885","12740","1145","3562","615","4580","689","14824","1298","12132","875","3662","543",
"310M700US43780","South Bend-Mishawaka, IN-MI Metro Area","135390","2201","4151","453","15595","946","22109","1191","26520","1354","21831","1035","10515","808","16032","929","3605","458","4080","466","5828","539","3196","445","1928","338",
"310M700US43900","Spartanburg, SC Metro Area","156483","2457","4095","571","13525","945","19418","1353","26577","1413","27217","1300","13024","1015","21951","1463","5135","691","5294","734","10531","936","5601","521","4115","622",
"310M700US44060","Spokane-Spokane Valley, WA Metro Area","231148","3212","7748","802","24888","1208","32731","1526","43674","1671","40103","1545","18683","1202","29560","1527","6506","884","6270","643","10608","869","5729","690","4648","626",
"310M700US44100","Springfield, IL Metro Area","82605","1608","2728","417","9002","711","15634","1076","20024","1179","14260","911","6218","530","6492","601","1477","331","1158","212","2471","434","1868","295","1273","316",
"310M700US44140","Springfield, MA Metro Area","187492","2881","4940","655","20216","1343","29969","1807","34941","1886","31023","1626","13634","1028","23193","1290","6647","706","4931","653","8666","693","5634","625","3698","580",
"310M700US44180","Springfield, MO Metro Area","207068","2540","6452","563","22837","1219","30654","1253","39431","1757","37898","1947","15197","1059","24915","1362","5220","498","5980","660","10654","873","4789","570","3041","372",
"310M700US44220","Springfield, OH Metro Area","52679","1181","2354","428","6411","644","7774","664","9884","797","7182","634","4215","534","4841","478","1739","298","1556","285","3839","437","2161","391","723","211",
"310M700US44300","State College, PA Metro Area","60702","1472","2390","363","8713","863","12514","940","11400","814","8377","674","3767","403","6428","585","1382","301","1274","246","2100","371","1318","315","1039","224",
"310M700US44420","Staunton-Stuarts Draft, VA Metro Area","55911","1132","1942","339","6510","711","7581","710","8738","750","10065","785","4552","584","6397","649","2173","463","2442","370","3776","506","1049","334","686","196",
"310M700US44700","Stockton-Lodi, CA Metro Area","301691","3608","7523","801","25313","1319","39190","1842","47885","2117","38771","1654","16098","1144","32820","1613","5996","792","7269","834","20064","1331","30526","1521","30236","1785",
"310M700US44940","Sumter, SC Metro Area","42901","1239","911","264","3844","579","8313","765","10596","922","6617","757","2040","439","3034","492","639","221","1285","385","2131","397","2384","422","1107","182",
"310M700US45060","Syracuse, NY Metro Area","268349","2507","10074","733","32971","1498","45091","1613","51676","1462","44807","1683","21326","1010","26242","943","7087","704","6390","585","10811","610","7236","617","4638","645",
"310M700US45220","Tallahassee, FL Metro Area","163636","2531","3410","560","14664","1288","24303","1306","32479","1891","26756","1650","11588","877","25073","1424","4071","611","5197","556","10226","824","3360","617","2509","522",
"310M700US45300","Tampa-St. Petersburg-Clearwater, FL Metro Area","1257786","6729","27113","1386","93299","3264","147394","3347","189981","4375","178119","4338","83929","2754","191571","4408","45774","1745","57301","2245","128184","3515","83241","3245","31880","1876",
"310M700US45460","Terre Haute, IN Metro Area","69591","1137","3131","468","9611","801","11894","871","11882","735","9724","727","4391","484","7473","678","1867","307","1710","259","3414","377","2728","348","1766","341",
"310M700US45500","Texarkana, TX-AR Metro Area","55848","1483","2018","364","8255","618","14841","1072","9463","776","7071","758","1961","279","5236","609","1198","261","1156","335","2140","317","1624","393","885","219",
"310M700US45780","Toledo, OH Metro Area","256908","2811","8891","752","33348","1405","42091","1562","49970","1788","47204","1680","21724","1379","25335","1173","4996","498","4414","453","8890","770","6165","576","3880","578",
"310M700US45820","Topeka, KS Metro Area","97255","1527","5003","585","12315","866","19666","1067","21054","1193","12963","891","5223","497","7434","652","1883","292","2243","254","3992","416","4060","490","1419","270",
"310M700US45900","Traverse City, MI Metro Area","63185","1179","2315","322","7265","542","10190","791","12001","856","9931","701","4952","544","6489","552","1862","237","1904","244","3315","400","1759","262","1202","246",
"310M700US45940","Trenton-Princeton, NJ Metro Area","148384","2834","2983","547","12338","958","21582","1344","27608","1507","23458","1395","10435","941","16715","1263","4023","594","5047","709","8443","904","8848","773","6904","801",
"310M700US46060","Tucson, AZ Metro Area","400031","4069","9445","1115","35544","1532","49503","2022","68232","2450","66597","2392","34894","1644","62340","2311","15523","1194","14450","1020","26539","1365","10156","833","6808","751",
"310M700US46140","Tulsa, OK Metro Area","429231","2363","12336","676","44644","1181","64933","1621","81368","1862","78871","1788","34109","1076","56232","1498","10324","797","10679","521","19186","778","9959","649","6590","564",
"310M700US46220","Tuscaloosa, AL Metro Area","116091","2182","3048","594","11688","1223","16328","1175","22888","1413","18565","1190","7056","770","14562","1200","3876","766","2822","502","7271","690","5681","591","2306","436",
"310M700US46300","Twin Falls, ID Metro Area","51885","1173","2666","428","10330","796","11109","995","8978","756","5657","644","2978","438","4831","557","1042","269","570","190","1926","443","1026","258","772","227",
"310M700US46340","Tyler, TX Metro Area","99984","2019","2884","489","8773","900","14200","1170","20566","1706","17784","1426","6676","803","14862","1211","1892","403","2571","588","4294","620","3691","634","1791","327",
"310M700US46520","Urban Honolulu, HI Metro Area","451346","2709","10371","850","35280","1612","55337","2024","68638","1908","64897","1887","26529","1392","82218","2196","12458","815","18561","1193","40237","1499","28074","1475","8746","726",
"310M700US46540","Utica-Rome, NY Metro Area","113294","1587","6175","645","17328","1265","20908","1291","18281","1122","14247","877","7853","727","11357","788","2502","362","2757","375","5611","586","3898","515","2377","304",
"310M700US46660","Valdosta, GA Metro Area","61550","1525","2128","402","7505","823","11772","1103","11617","932","10109","921","4588","536","6586","668","1515","323","1106","256","2547","534","1175","323","902","299",
"310M700US46700","Vallejo, CA Metro Area","179516","2315","5915","787","16654","1043","24771","1351","23189","1238","20918","1286","9132","778","21757","1409","4634","532","6927","776","16683","1151","18729","1067","10207","836",
"310M700US47020","Victoria, TX Metro Area","40906","1117","1425","309","5500","584","8429","877","7399","765","5156","640","1740","293","3782","596","940","372","1396","340","3166","509","1074","305","899","270",
"310M700US47220","Vineland, NJ Metro Area","59074","1442","1602","316","8590","778","8564","717","8654","860","6865","713","3367","485","6629","692","1750","340","2651","479","5565","710","3641","681","1196","286",
"310M700US47260","Virginia Beach-Chesapeake-Norfolk, VA-NC Metro Area","784808","4919","16694","1101","63907","2004","107468","2557","137644","3050","127995","3207","62355","1970","115666","3382","26992","1387","25975","1299","54743","2209","31075","1460","14294","1171",
"310M700US47300","Visalia, CA Metro Area","177413","2237","7570","811","24065","1341","30539","1464","29081","1755","20766","1231","10007","795","20041","1262","3644","482","5335","641","13186","1289","9355","1085","3824","513",
"310M700US47380","Waco, TX Metro Area","124005","2081","3913","587","14551","1212","20662","1296","27533","1182","20843","1412","9391","1014","12497","1285","2250","333","2188","394","3672","544","3248","457","3257","445",
"310M700US47460","Walla Walla, WA Metro Area","24247","729","2035","432","6594","709","6394","644","3675","507","1789","287","726","155","948","210","333","149","278","131","641","238","629","177","205","88",
"310M700US47580","Warner Robins, GA Metro Area","81508","1721","1677","566","6237","850","15021","1412","15328","1175","14331","1271","5802","679","12192","995","2316","437","2176","477","3220","567","1060","301","2148","514",
"310M700US47900","Washington-Arlington-Alexandria, DC-VA-MD-WV Metro Area","2494262","9991","38977","1625","127847","2469","220233","3796","296540","5025","314070","5253","172447","3345","393214","6427","110951","2687","154269","3503","321050","5211","260857","4189","83807","2697",
"310M700US47930","Waterbury-Shelton, CT Metro Area","195964","2537","4812","599","16575","1243","25558","1668","26856","1504","26521","1563","15617","1235","27910","1550","8312","735","10043","922","16976","1134","10149","998","6635","722",
"310M700US47940","Waterloo-Cedar Falls, IA Metro Area","76859","1276","4733","516","13442","796","18248","1118","16044","870","9826","731","4093","429","4663","415","968","141","926","200","1737","249","1235","212","944","244",
"310M700US48060","Watertown-Fort Drum, NY Metro Area","50179","981","3480","432","9261","670","8274","723","9345","639","6550","572","3293","415","4343","469","1145","223","1029","346","1458","286","1084","238","917","207",
"310M700US48140","Wausau, WI Metro Area","61927","1140","3018","433","9303","812","11840","822","13719","913","9701","583","3744","341","4306","390","1018","163","1215","199","1807","272","1294","299","962","142",
"310M700US48260","Weirton-Steubenville, WV-OH Metro Area","45165","993","1954","375","6620","569","6685","654","6350","583","5720","567","3307","427","4096","380","1559","304","1723","276","3640","476","2589","335","922","198",
"310M700US48300","Wenatchee-East Wenatchee, WA Metro Area","51545","1153","2227","381","8375","774","10447","879","12310","1044","5347","592","1796","326","4145","624","696","191","1286","312","2324","466","1495","335","1097","230",
"310M700US48540","Wheeling, WV-OH Metro Area","55056","1042","2513","337","6821","619","8556","617","9478","631","8054","587","3711","485","6601","649","896","203","1784","348","2671","365","2359","342","1612","297",
"310M700US48620","Wichita, KS Metro Area","285571","2750","9437","759","35842","1491","48214","1777","62696","2180","52882","1850","19509","1090","30601","1451","5162","575","5563","626","7382","659","4426","554","3857","516",
"310M700US48660","Wichita Falls, TX Metro Area","66770","1238","4522","666","13617","1058","16738","1093","13410","880","7675","743","3113","423","3319","412","429","138","387","133","1344","239","1151","377","1065","205",
"310M700US48680","Wildwood-The Villages, FL Metro Area","27713","1537","996","377","1571","410","3762","617","4155","770","3995","756","1673","372","3972","540","875","292","598","294","2488","450","2564","678","1064","394",
"310M700US48700","Williamsport, PA Metro Area","47377","892","2299","396","7772","589","8977","667","7823","623","7162","587","3366","389","3698","399","1156","253","1218","266","1717","273","995","196","1194","199",
"310M700US48900","Wilmington, NC Metro Area","176343","2793","4680","772","17274","1210","26867","1570","34634","1608","29336","1505","12179","1083","21721","1520","5385","774","4386","648","10304","806","5481","666","4096","645",
"310M700US49020","Winchester, VA-WV Metro Area","60311","1394","1745","347","5337","588","8034","740","9876","855","7766","722","2966","431","6180","650","1443","285","2074","374","4948","670","6142","624","3800","581",
"310M700US49180","Winston-Salem, NC Metro Area","277677","3042","7497","928","26830","1525","40669","1868","51129","2223","45564","1907","22096","1178","35107","1819","8597","808","8482","837","15154","1101","10079","801","6473","746",
"310M700US49340","Worcester, MA Metro Area","368994","3276","9886","881","35283","1692","48486","1756","47769","1801","43549","1797","24853","1247","45743","1777","14666","1215","16445","1129","37219","1671","31993","1551","13102","1221",
"310M700US49420","Yakima, WA Metro Area","99090","1630","3899","521","13547","1140","18481","1195","21219","1276","15094","1006","6488","628","8746","765","1771","391","2262","462","3625","534","2487","430","1471","324",
"310M700US49620","York-Hanover, PA Metro Area","201361","2272","5819","845","17997","1057","27267","1356","30763","1241","30884","1523","16446","1125","24242","1389","6358","603","8267","750","15704","923","13043","879","4571","485",
"310M700US49660","Youngstown-Warren, OH Metro Area","167641","2307","6725","809","20710","1157","27556","1283","31392","1532","26781","1324","12402","688","15246","911","4242","517","3591","451","7725","611","7418","614","3853","505",
"310M700US49700","Yuba City, CA Metro Area","71319","1298","1621","360","7610","807","9967","949","10271","931","6688","745","3508","590","8332","880","2466","525","3994","588","8172","977","5991","607","2699","440",
"310M700US49740","Yuma, AZ Metro Area","73875","1488","2471","489","11006","981","12079","864","14236","1155","11925","966","4359","793","7936","804","1424","416","2278","836","2546","528","2178","523","1437","342",
